order_id,customer_id,order_date,status
1,97,2025-04-17,completed
2,226,2025-02-23,completed
3,81,2025-03-21,completed
4,285,2025-03-20,shipped
5,185,2025-01-20,placed
6,72,2025-01-28,placed
7,202,2025-06-23,shipped
8,335,2025-04-24,completed
9,122,2025-03-17,returned
10,59,2025-04-28,completed
11,316,2025-02-08,completed
12,173,2025-04-11,returned
13,342,2025-01-23,completed
14,375,2025-01-29,completed
15,289,2025-05-01,placed
16,328,2025-03-26,shipped
17,53,2025-02-06,returned
18,49,2025-02-03,placed
19,323,2025-02-15,completed
20,238,2025-06-01,placed
21,47,2025-01-26,completed
22,223,2025-04-15,completed
23,262,2025-02-05,placed
24,106,2025-02-07,placed
25,198,2025-05-04,completed
26,373,2025-04-13,returned
27,359,2025-03-23,completed
28,134,2025-03-26,completed
29,55,2025-05-23,shipped
30,151,2025-01-27,returned
31,366,2025-02-10,completed
32,281,2025-03-01,completed
33,294,2025-02-20,returned
34,367,2025-06-30,completed
35,322,2025-06-18,completed
36,126,2025-05-03,returned
37,214,2025-06-28,completed
38,137,2025-04-29,completed
39,123,2025-05-26,returned
40,280,2025-05-24,completed
41,87,2025-03-27,returned
42,75,2025-02-01,completed
43,124,2025-05-27,completed
44,306,2025-05-21,completed
45,93,2025-06-18,completed
46,315,2025-06-01,placed
47,391,2025-01-05,completed
48,17,2025-02-06,returned
49,198,2025-01-31,returned
50,208,2025-02-14,completed
51,125,2025-05-26,completed
52,370,2025-06-21,completed
53,308,2025-01-27,shipped
54,385,2025-03-14,shipped
55,354,2025-04-15,shipped
56,270,2025-03-26,returned
57,267,2025-04-21,shipped
58,28,2025-03-17,placed
59,316,2025-04-21,placed
60,193,2025-06-02,completed
61,304,2025-01-18,completed
62,125,2025-05-09,shipped
63,356,2025-01-27,returned
64,123,2025-05-20,completed
65,36,2025-06-20,completed
66,289,2025-02-12,completed
67,291,2025-02-01,completed
68,64,2025-05-18,returned
69,233,2025-01-01,completed
70,13,2025-03-25,completed
71,272,2025-04-12,completed
72,24,2025-03-20,completed
73,158,2025-03-25,shipped
74,106,2025-02-21,completed
75,101,2025-03-22,completed
76,89,2025-06-12,placed
77,287,2025-02-21,returned
78,324,2025-03-02,completed
79,333,2025-01-28,completed
80,141,2025-04-18,placed
81,70,2025-03-27,placed
82,399,2025-04-24,shipped
83,158,2025-01-31,placed
84,354,2025-02-20,completed
85,257,2025-06-20,completed
86,339,2025-05-15,completed
87,155,2025-02-16,placed
88,116,2025-03-12,completed
89,237,2025-01-20,shipped
90,272,2025-01-12,completed
91,276,2025-03-06,shipped
92,85,2025-03-14,completed
93,376,2025-05-21,completed
94,18,2025-06-09,shipped
95,2,2025-05-08,completed
96,165,2025-06-18,shipped
97,259,2025-06-12,placed
98,267,2025-05-17,completed
99,58,2025-06-05,shipped
100,281,2025-03-07,placed
101,370,2025-03-02,completed
102,298,2025-06-04,shipped
103,306,2025-01-14,returned
104,230,2025-02-16,completed
105,312,2025-05-08,shipped
106,16,2025-01-19,completed
107,320,2025-02-07,completed
108,357,2025-03-22,returned
109,379,2025-05-15,completed
110,46,2025-06-16,returned
111,88,2025-04-07,completed
112,354,2025-06-18,returned
113,233,2025-01-16,completed
114,358,2025-02-25,placed
115,22,2025-02-02,shipped
116,75,2025-04-27,returned
117,382,2025-01-11,completed
118,47,2025-04-11,returned
119,153,2025-05-01,shipped
120,349,2025-06-06,completed
121,283,2025-03-03,shipped
122,187,2025-03-21,completed
123,21,2025-02-11,shipped
124,378,2025-03-29,returned
125,356,2025-06-01,completed
126,110,2025-04-08,shipped
127,215,2025-03-30,completed
128,246,2025-02-22,shipped
129,389,2025-03-20,shipped
130,250,2025-02-22,returned
131,197,2025-04-18,completed
132,186,2025-03-12,returned
133,10,2025-05-13,completed
134,291,2025-06-16,placed
135,112,2025-03-10,completed
136,373,2025-04-03,completed
137,11,2025-03-24,shipped
138,167,2025-03-07,returned
139,343,2025-01-15,completed
140,251,2025-01-11,completed
141,17,2025-02-23,completed
142,279,2025-06-27,completed
143,161,2025-04-26,placed
144,194,2025-02-07,completed
145,208,2025-02-04,shipped
146,116,2025-01-27,completed
147,72,2025-01-11,completed
148,290,2025-01-03,placed
149,153,2025-06-19,placed
150,35,2025-02-25,returned
151,353,2025-04-01,placed
152,63,2025-04-06,completed
153,47,2025-04-20,completed
154,251,2025-04-09,completed
155,114,2025-02-10,shipped
156,180,2025-06-20,placed
157,123,2025-05-14,completed
158,78,2025-05-03,returned
159,132,2025-06-29,returned
160,158,2025-06-29,completed
161,187,2025-01-17,shipped
162,254,2025-05-30,completed
163,130,2025-01-19,completed
164,192,2025-05-25,completed
165,329,2025-05-01,shipped
166,16,2025-05-28,placed
167,111,2025-01-20,placed
168,25,2025-06-08,returned
169,211,2025-06-06,shipped
170,238,2025-04-26,shipped
171,20,2025-02-04,placed
172,260,2025-03-11,completed
173,11,2025-02-08,returned
174,99,2025-03-11,completed
175,121,2025-05-14,completed
176,2,2025-03-03,returned
177,253,2025-06-16,returned
178,41,2025-06-09,returned
179,354,2025-03-27,completed
180,161,2025-02-23,placed
181,203,2025-06-25,completed
182,82,2025-03-27,returned
183,353,2025-05-06,returned
184,151,2025-04-05,shipped
185,122,2025-06-15,completed
186,264,2025-02-02,completed
187,361,2025-03-21,completed
188,21,2025-02-11,returned
189,212,2025-05-04,completed
190,260,2025-06-27,shipped
191,189,2025-06-24,completed
192,289,2025-02-03,returned
193,216,2025-06-14,placed
194,65,2025-06-09,placed
195,138,2025-02-11,completed
196,119,2025-06-16,completed
197,300,2025-06-27,completed
198,215,2025-03-06,placed
199,341,2025-04-12,shipped
200,25,2025-02-10,placed
201,61,2025-01-11,completed
202,208,2025-03-26,completed
203,88,2025-04-06,completed
204,115,2025-04-11,placed
205,317,2025-04-15,completed
206,346,2025-06-27,completed
207,227,2025-02-14,completed
208,250,2025-04-21,completed
209,139,2025-05-25,returned
210,74,2025-03-12,placed
211,205,2025-03-12,completed
212,103,2025-04-04,returned
213,133,2025-05-24,completed
214,390,2025-03-21,placed
215,41,2025-01-02,completed
216,104,2025-04-15,shipped
217,287,2025-04-12,returned
218,30,2025-02-25,returned
219,316,2025-06-18,returned
220,130,2025-03-12,completed
221,227,2025-05-27,placed
222,25,2025-02-15,completed
223,346,2025-01-20,completed
224,33,2025-05-12,shipped
225,33,2025-04-04,completed
226,126,2025-05-07,shipped
227,247,2025-04-13,placed
228,210,2025-03-06,returned
229,13,2025-01-03,returned
230,73,2025-02-28,completed
231,260,2025-06-18,completed
232,321,2025-06-13,shipped
233,35,2025-06-17,completed
234,172,2025-02-24,placed
235,93,2025-02-24,completed
236,349,2025-02-22,completed
237,74,2025-04-06,completed
238,5,2025-04-13,returned
239,27,2025-04-14,completed
240,11,2025-02-14,completed
241,297,2025-03-24,shipped
242,256,2025-04-15,placed
243,92,2025-03-11,completed
244,94,2025-04-02,returned
245,6,2025-02-07,placed
246,325,2025-06-19,shipped
247,109,2025-06-07,returned
248,177,2025-04-23,placed
249,322,2025-04-19,returned
250,291,2025-01-30,completed
251,224,2025-06-20,shipped
252,257,2025-02-28,shipped
253,264,2025-01-09,returned
254,322,2025-04-26,shipped
255,305,2025-01-14,completed
256,169,2025-03-07,placed
257,319,2025-03-22,completed
258,27,2025-02-02,shipped
259,333,2025-02-06,completed
260,134,2025-01-17,completed
261,129,2025-05-13,completed
262,219,2025-02-20,shipped
263,38,2025-01-28,returned
264,226,2025-05-06,completed
265,29,2025-05-21,completed
266,188,2025-02-15,completed
267,113,2025-03-15,completed
268,16,2025-06-24,returned
269,239,2025-05-06,completed
270,273,2025-06-11,completed
271,287,2025-06-21,shipped
272,359,2025-03-22,placed
273,143,2025-06-18,returned
274,107,2025-06-27,completed
275,88,2025-06-27,returned
276,239,2025-01-11,completed
277,177,2025-06-06,returned
278,184,2025-03-20,completed
279,355,2025-02-22,placed
280,368,2025-04-03,completed
281,75,2025-01-19,placed
282,137,2025-04-19,completed
283,143,2025-04-27,completed
284,178,2025-05-12,placed
285,214,2025-03-02,shipped
286,64,2025-03-15,completed
287,116,2025-05-03,shipped
288,308,2025-02-26,shipped
289,215,2025-03-27,completed
290,150,2025-06-19,placed
291,7,2025-06-22,returned
292,126,2025-01-04,shipped
293,199,2025-04-18,completed
294,280,2025-06-18,completed
295,46,2025-04-04,completed
296,12,2025-06-21,placed
297,80,2025-05-01,completed
298,259,2025-03-22,shipped
299,114,2025-01-06,shipped
300,333,2025-05-19,placed
301,57,2025-01-15,completed
302,336,2025-02-25,returned
303,300,2025-02-23,shipped
304,264,2025-04-12,completed
305,2,2025-02-12,placed
306,357,2025-06-09,placed
307,130,2025-06-19,placed
308,243,2025-01-31,shipped
309,190,2025-04-04,completed
310,275,2025-05-24,returned
311,57,2025-01-25,completed
312,35,2025-05-26,completed
313,261,2025-05-12,completed
314,127,2025-06-01,shipped
315,302,2025-04-26,completed
316,71,2025-01-27,returned
317,80,2025-02-06,returned
318,269,2025-02-14,shipped
319,212,2025-01-03,completed
320,377,2025-04-07,completed
321,208,2025-01-29,shipped
322,200,2025-04-17,completed
323,275,2025-01-29,placed
324,215,2025-03-26,shipped
325,291,2025-05-09,completed
326,137,2025-06-03,completed
327,220,2025-05-03,shipped
328,171,2025-04-26,completed
329,84,2025-05-16,shipped
330,115,2025-06-22,completed
331,161,2025-04-03,shipped
332,376,2025-01-03,completed
333,4,2025-06-26,returned
334,183,2025-03-05,completed
335,155,2025-02-23,returned
336,391,2025-05-31,completed
337,61,2025-05-13,completed
338,110,2025-03-06,returned
339,139,2025-04-19,placed
340,192,2025-04-13,completed
341,44,2025-04-12,completed
342,17,2025-03-23,completed
343,329,2025-03-14,completed
344,25,2025-04-12,returned
345,43,2025-05-22,completed
346,316,2025-06-24,completed
347,378,2025-05-03,shipped
348,89,2025-01-22,shipped
349,194,2025-04-25,placed
350,224,2025-01-31,shipped
351,60,2025-04-02,placed
352,281,2025-01-29,placed
353,61,2025-04-12,completed
354,109,2025-01-25,shipped
355,64,2025-02-09,completed
356,222,2025-04-07,completed
357,253,2025-04-22,placed
358,199,2025-05-11,shipped
359,396,2025-05-30,completed
360,84,2025-06-16,completed
361,232,2025-05-28,returned
362,237,2025-04-02,returned
363,76,2025-05-04,placed
364,203,2025-03-25,completed
365,324,2025-03-08,completed
366,132,2025-01-17,completed
367,222,2025-06-08,completed
368,272,2025-04-27,shipped
369,96,2025-06-08,completed
370,18,2025-06-28,completed
371,171,2025-05-06,completed
372,155,2025-01-26,completed
373,103,2025-05-17,placed
374,313,2025-03-30,completed
375,299,2025-02-13,completed
376,56,2025-03-16,returned
377,373,2025-03-09,completed
378,89,2025-05-18,completed
379,130,2025-05-24,completed
380,140,2025-01-08,completed
381,200,2025-02-10,returned
382,68,2025-06-06,completed
383,274,2025-06-18,placed
384,302,2025-06-13,completed
385,400,2025-04-03,placed
386,278,2025-03-01,shipped
387,177,2025-02-25,placed
388,259,2025-03-11,returned
389,373,2025-03-31,completed
390,295,2025-06-18,placed
391,37,2025-03-19,completed
392,100,2025-04-05,completed
393,32,2025-06-20,placed
394,35,2025-02-06,completed
395,351,2025-05-14,returned
396,40,2025-04-22,returned
397,348,2025-02-17,completed
398,314,2025-05-08,completed
399,214,2025-02-05,shipped
400,16,2025-05-23,returned
401,46,2025-02-04,completed
402,360,2025-03-11,completed
403,219,2025-01-06,returned
404,251,2025-06-01,placed
405,293,2025-06-06,returned
406,162,2025-02-13,completed
407,17,2025-01-28,completed
408,13,2025-04-17,completed
409,353,2025-06-04,returned
410,297,2025-06-21,completed
411,111,2025-04-12,completed
412,113,2025-03-30,shipped
413,135,2025-01-13,returned
414,190,2025-05-15,placed
415,172,2025-05-14,placed
416,181,2025-04-27,placed
417,121,2025-04-17,completed
418,130,2025-04-26,shipped
419,95,2025-03-02,placed
420,336,2025-06-06,completed
421,294,2025-01-06,completed
422,155,2025-05-11,completed
423,346,2025-01-09,completed
424,351,2025-05-09,completed
425,213,2025-05-23,completed
426,36,2025-01-19,shipped
427,344,2025-03-01,completed
428,195,2025-03-15,returned
429,304,2025-01-18,shipped
430,27,2025-05-08,completed
431,218,2025-02-10,completed
432,253,2025-02-27,completed
433,73,2025-03-23,completed
434,360,2025-06-23,completed
435,189,2025-04-06,placed
436,62,2025-03-11,completed
437,95,2025-03-30,placed
438,26,2025-02-01,completed
439,141,2025-05-15,returned
440,277,2025-05-26,shipped
441,48,2025-01-21,placed
442,115,2025-01-05,completed
443,83,2025-03-26,placed
444,292,2025-01-27,completed
445,180,2025-06-04,shipped
446,76,2025-05-01,placed
447,13,2025-04-23,returned
448,206,2025-05-20,completed
449,89,2025-04-13,placed
450,109,2025-01-06,completed
451,314,2025-06-17,completed
452,176,2025-01-04,completed
453,173,2025-03-08,returned
454,288,2025-04-05,placed
455,243,2025-03-06,returned
456,381,2025-03-23,completed
457,220,2025-05-19,returned
458,236,2025-03-07,completed
459,120,2025-06-23,returned
460,337,2025-02-11,shipped
461,392,2025-02-13,placed
462,161,2025-03-02,returned
463,299,2025-04-14,completed
464,146,2025-06-13,completed
465,178,2025-05-03,returned
466,58,2025-05-08,placed
467,264,2025-06-16,shipped
468,206,2025-03-10,shipped
469,29,2025-01-24,completed
470,32,2025-06-14,completed
471,276,2025-04-24,completed
472,121,2025-05-30,shipped
473,100,2025-06-12,returned
474,53,2025-04-20,completed
475,251,2025-05-04,completed
476,101,2025-06-15,completed
477,153,2025-06-20,completed
478,153,2025-02-15,completed
479,366,2025-03-04,completed
480,263,2025-06-18,completed
481,330,2025-01-17,placed
482,82,2025-01-29,completed
483,160,2025-03-07,completed
484,363,2025-06-09,placed
485,65,2025-06-21,completed
486,394,2025-04-11,completed
487,328,2025-05-06,completed
488,21,2025-01-06,completed
489,119,2025-06-17,returned
490,397,2025-01-31,placed
491,79,2025-05-13,shipped
492,354,2025-02-17,completed
493,170,2025-03-26,completed
494,273,2025-05-29,returned
495,156,2025-04-29,completed
496,112,2025-05-14,shipped
497,362,2025-05-18,completed
498,148,2025-02-21,returned
499,187,2025-03-03,shipped
500,174,2025-01-14,completed
501,111,2025-04-15,completed
502,63,2025-04-20,shipped
503,391,2025-06-11,returned
504,329,2025-05-09,completed
505,7,2025-05-16,completed
506,315,2025-02-08,completed
507,369,2025-05-30,placed
508,164,2025-03-10,placed
509,22,2025-06-30,completed
510,55,2025-05-02,completed
511,282,2025-01-19,completed
512,66,2025-04-19,shipped
513,207,2025-06-16,completed
514,24,2025-01-23,placed
515,289,2025-02-02,completed
516,207,2025-01-05,shipped
517,374,2025-04-30,returned
518,55,2025-02-23,completed
519,301,2025-03-22,placed
520,62,2025-03-27,completed
521,379,2025-04-13,completed
522,363,2025-03-10,shipped
523,105,2025-04-26,shipped
524,211,2025-03-19,returned
525,396,2025-01-23,shipped
526,338,2025-04-07,placed
527,259,2025-04-13,placed
528,39,2025-02-28,completed
529,223,2025-02-24,placed
530,153,2025-02-27,returned
531,395,2025-01-22,returned
532,301,2025-03-29,returned
533,365,2025-04-11,completed
534,393,2025-04-20,completed
535,114,2025-04-12,completed
536,383,2025-04-22,completed
537,111,2025-06-16,shipped
538,383,2025-04-04,returned
539,245,2025-03-06,completed
540,279,2025-02-10,completed
541,373,2025-05-11,completed
542,271,2025-05-07,completed
543,340,2025-05-05,completed
544,347,2025-02-07,completed
545,237,2025-05-16,returned
546,226,2025-05-26,completed
547,222,2025-01-14,completed
548,354,2025-04-04,completed
549,75,2025-04-02,returned
550,276,2025-05-12,completed
551,337,2025-04-14,completed
552,106,2025-02-15,completed
553,327,2025-01-07,placed
554,98,2025-03-09,completed
555,341,2025-03-16,completed
556,359,2025-03-24,completed
557,243,2025-06-29,completed
558,312,2025-05-10,completed
559,309,2025-06-08,completed
560,226,2025-04-21,completed
561,243,2025-04-01,returned
562,362,2025-03-31,completed
563,116,2025-05-03,completed
564,368,2025-06-21,completed
565,393,2025-06-24,returned
566,299,2025-01-07,completed
567,390,2025-05-06,returned
568,274,2025-04-09,completed
569,11,2025-06-28,returned
570,91,2025-05-22,completed
571,357,2025-06-23,completed
572,114,2025-05-24,completed
573,2,2025-03-05,completed
574,9,2025-04-04,completed
575,138,2025-02-14,completed
576,241,2025-06-23,returned
577,98,2025-03-21,returned
578,387,2025-06-09,placed
579,228,2025-06-27,placed
580,257,2025-03-04,shipped
581,259,2025-03-09,shipped
582,146,2025-01-06,completed
583,332,2025-01-11,returned
584,234,2025-03-15,returned
585,98,2025-04-05,returned
586,351,2025-04-29,placed
587,191,2025-04-27,completed
588,298,2025-06-17,completed
589,274,2025-03-27,returned
590,219,2025-05-12,returned
591,159,2025-01-10,completed
592,273,2025-01-29,completed
593,367,2025-06-13,completed
594,303,2025-05-20,returned
595,29,2025-05-30,placed
596,89,2025-01-18,shipped
597,346,2025-05-08,completed
598,296,2025-06-11,returned
599,10,2025-01-04,completed
600,310,2025-01-19,completed
601,91,2025-05-24,returned
602,52,2025-06-13,completed
603,389,2025-02-12,completed
604,104,2025-06-12,completed
605,331,2025-03-24,completed
606,164,2025-06-12,completed
607,289,2025-03-19,shipped
608,199,2025-06-15,completed
609,123,2025-06-01,completed
610,346,2025-01-22,completed
611,196,2025-03-16,placed
612,359,2025-01-31,placed
613,343,2025-06-16,placed
614,355,2025-04-09,placed
615,164,2025-05-07,completed
616,302,2025-04-09,completed
617,60,2025-01-08,completed
618,286,2025-03-26,shipped
619,105,2025-05-09,completed
620,230,2025-02-18,shipped
621,278,2025-01-09,completed
622,116,2025-04-22,returned
623,193,2025-02-11,completed
624,180,2025-01-18,completed
625,15,2025-03-03,placed
626,196,2025-02-07,completed
627,176,2025-06-04,completed
628,147,2025-02-16,completed
629,103,2025-01-19,placed
630,268,2025-02-13,completed
631,210,2025-02-08,shipped
632,199,2025-01-02,shipped
633,100,2025-03-27,completed
634,149,2025-05-19,completed
635,83,2025-04-09,placed
636,191,2025-06-30,completed
637,136,2025-03-14,completed
638,359,2025-06-14,completed
639,392,2025-03-06,completed
640,380,2025-04-17,placed
641,186,2025-06-01,returned
642,347,2025-05-28,returned
643,143,2025-03-01,shipped
644,133,2025-04-14,shipped
645,398,2025-06-17,completed
646,107,2025-03-24,returned
647,200,2025-02-19,completed
648,135,2025-02-17,completed
649,278,2025-03-09,completed
650,376,2025-01-01,completed
651,322,2025-03-26,placed
652,141,2025-05-01,returned
653,327,2025-01-07,completed
654,247,2025-02-15,placed
655,238,2025-05-02,placed
656,216,2025-03-10,completed
657,161,2025-04-29,returned
658,351,2025-06-08,completed
659,65,2025-06-07,returned
660,83,2025-06-25,completed
661,280,2025-02-19,returned
662,345,2025-06-22,completed
663,190,2025-01-26,completed
664,351,2025-03-07,returned
665,234,2025-04-06,completed
666,244,2025-02-28,completed
667,33,2025-02-11,returned
668,179,2025-02-02,completed
669,62,2025-04-06,placed
670,333,2025-04-06,shipped
671,28,2025-06-23,returned
672,168,2025-03-15,shipped
673,240,2025-02-24,completed
674,247,2025-06-03,returned
675,81,2025-05-11,completed
676,185,2025-06-05,completed
677,38,2025-04-27,returned
678,259,2025-04-18,completed
679,204,2025-06-24,shipped
680,61,2025-01-12,placed
681,205,2025-05-17,completed
682,228,2025-02-08,returned
683,217,2025-01-26,returned
684,118,2025-02-07,shipped
685,189,2025-04-09,completed
686,87,2025-05-04,completed
687,59,2025-01-17,returned
688,346,2025-02-09,completed
689,310,2025-01-14,completed
690,362,2025-02-06,shipped
691,284,2025-01-10,placed
692,171,2025-05-01,shipped
693,24,2025-06-04,completed
694,158,2025-04-17,completed
695,215,2025-02-10,shipped
696,31,2025-04-17,completed
697,72,2025-05-20,returned
698,280,2025-03-14,completed
699,87,2025-06-02,placed
700,135,2025-03-04,completed
701,238,2025-01-17,completed
702,87,2025-03-04,shipped
703,187,2025-02-20,completed
704,311,2025-06-05,completed
705,209,2025-03-02,placed
706,192,2025-04-16,completed
707,181,2025-04-30,completed
708,353,2025-06-23,completed
709,349,2025-06-14,completed
710,292,2025-01-26,completed
711,303,2025-04-07,placed
712,60,2025-06-29,completed
713,274,2025-03-07,shipped
714,181,2025-06-29,shipped
715,218,2025-03-13,completed
716,108,2025-06-13,returned
717,399,2025-03-25,shipped
718,215,2025-01-20,completed
719,124,2025-04-27,shipped
720,164,2025-01-09,returned
721,216,2025-04-23,completed
722,185,2025-06-09,placed
723,295,2025-02-01,completed
724,91,2025-05-23,placed
725,50,2025-05-09,completed
726,154,2025-03-23,returned
727,152,2025-03-17,completed
728,243,2025-02-03,completed
729,266,2025-05-16,shipped
730,48,2025-02-07,placed
731,25,2025-02-11,completed
732,239,2025-02-13,returned
733,294,2025-03-13,placed
734,399,2025-06-06,completed
735,215,2025-01-01,shipped
736,109,2025-01-18,completed
737,212,2025-03-26,returned
738,335,2025-02-22,shipped
739,31,2025-06-22,shipped
740,306,2025-02-20,returned
741,273,2025-05-19,returned
742,251,2025-01-01,completed
743,321,2025-02-10,shipped
744,92,2025-06-29,shipped
745,331,2025-01-31,completed
746,47,2025-01-02,shipped
747,47,2025-03-03,completed
748,224,2025-04-27,completed
749,234,2025-05-10,placed
750,365,2025-03-25,returned
751,358,2025-02-07,completed
752,289,2025-04-02,completed
753,343,2025-02-27,completed
754,115,2025-04-05,completed
755,31,2025-06-01,placed
756,317,2025-04-08,completed
757,175,2025-01-04,shipped
758,96,2025-01-22,completed
759,241,2025-01-24,placed
760,156,2025-01-12,shipped
761,242,2025-01-26,completed
762,153,2025-06-03,completed
763,88,2025-03-26,completed
764,63,2025-04-28,completed
765,301,2025-06-24,completed
766,262,2025-01-09,completed
767,215,2025-04-13,completed
768,37,2025-04-16,completed
769,225,2025-02-28,shipped
770,158,2025-04-16,completed
771,290,2025-05-18,completed
772,346,2025-01-12,completed
773,48,2025-03-11,returned
774,27,2025-01-02,completed
775,59,2025-03-02,completed
776,376,2025-01-08,completed
777,13,2025-04-18,completed
778,50,2025-03-30,shipped
779,358,2025-02-06,placed
780,154,2025-04-29,returned
781,297,2025-05-15,returned
782,27,2025-06-07,returned
783,307,2025-05-24,completed
784,193,2025-01-02,returned
785,85,2025-05-25,completed
786,58,2025-06-12,completed
787,4,2025-03-26,completed
788,355,2025-03-12,completed
789,375,2025-01-16,returned
790,359,2025-05-16,completed
791,128,2025-03-28,completed
792,237,2025-02-01,shipped
793,94,2025-03-27,shipped
794,269,2025-04-22,completed
795,377,2025-05-16,completed
796,236,2025-06-14,shipped
797,337,2025-03-17,completed
798,47,2025-02-23,placed
799,22,2025-06-18,completed
800,42,2025-03-09,returned
801,53,2025-04-24,completed
802,66,2025-03-31,returned
803,391,2025-03-11,returned
804,309,2025-06-19,placed
805,167,2025-06-13,completed
806,90,2025-02-27,placed
807,60,2025-01-10,placed
808,210,2025-06-17,completed
809,375,2025-01-16,completed
810,25,2025-05-30,placed
811,229,2025-06-22,completed
812,189,2025-01-16,placed
813,35,2025-04-07,placed
814,367,2025-04-14,shipped
815,232,2025-04-24,placed
816,281,2025-01-28,completed
817,126,2025-02-28,completed
818,356,2025-06-01,completed
819,344,2025-06-30,returned
820,89,2025-03-20,returned
821,90,2025-04-01,completed
822,179,2025-06-19,completed
823,342,2025-04-30,returned
824,249,2025-01-19,shipped
825,308,2025-06-07,returned
826,327,2025-02-13,returned
827,188,2025-04-04,completed
828,320,2025-05-06,shipped
829,396,2025-06-03,completed
830,363,2025-01-03,returned
831,167,2025-03-31,completed
832,162,2025-03-12,completed
833,295,2025-03-20,placed
834,203,2025-02-01,completed
835,183,2025-01-12,completed
836,296,2025-05-16,completed
837,269,2025-03-19,shipped
838,174,2025-05-06,returned
839,314,2025-03-10,placed
840,274,2025-04-02,completed
841,398,2025-06-29,returned
842,69,2025-03-21,placed
843,194,2025-01-15,completed
844,274,2025-06-07,completed
845,320,2025-04-23,returned
846,238,2025-02-04,shipped
847,31,2025-04-23,shipped
848,133,2025-01-25,completed
849,311,2025-04-20,completed
850,382,2025-03-06,completed
851,247,2025-01-26,returned
852,353,2025-02-02,completed
853,68,2025-01-16,placed
854,255,2025-04-25,shipped
855,21,2025-06-16,returned
856,3,2025-04-30,placed
857,60,2025-03-26,placed
858,91,2025-06-29,shipped
859,212,2025-05-12,returned
860,142,2025-03-15,placed
861,151,2025-03-31,completed
862,105,2025-02-18,completed
863,385,2025-05-31,shipped
864,26,2025-06-30,returned
865,172,2025-06-09,shipped
866,140,2025-03-01,completed
867,15,2025-02-10,shipped
868,189,2025-05-21,completed
869,273,2025-04-21,completed
870,312,2025-06-08,returned
871,26,2025-03-04,placed
872,65,2025-03-01,completed
873,126,2025-03-17,completed
874,55,2025-02-25,returned
875,253,2025-01-14,completed
876,35,2025-02-13,completed
877,182,2025-01-22,completed
878,123,2025-06-07,placed
879,116,2025-01-25,completed
880,65,2025-04-24,completed
881,226,2025-02-01,completed
882,2,2025-05-20,returned
883,193,2025-05-18,completed
884,356,2025-05-05,completed
885,247,2025-03-14,completed
886,261,2025-06-27,completed
887,271,2025-01-31,completed
888,369,2025-04-10,completed
889,288,2025-02-23,completed
890,43,2025-03-30,returned
891,244,2025-04-17,completed
892,71,2025-03-14,completed
893,330,2025-06-02,completed
894,74,2025-04-13,shipped
895,350,2025-06-19,shipped
896,253,2025-02-25,completed
897,228,2025-04-28,shipped
898,149,2025-03-12,shipped
899,388,2025-02-19,completed
900,347,2025-05-26,returned
901,318,2025-02-07,returned
902,292,2025-05-17,completed
903,388,2025-04-17,shipped
904,194,2025-04-28,returned
905,226,2025-01-15,completed
906,75,2025-06-24,shipped
907,62,2025-05-11,completed
908,71,2025-01-28,completed
909,284,2025-06-24,completed
910,12,2025-02-21,completed
911,303,2025-01-18,completed
912,287,2025-03-30,shipped
913,241,2025-02-22,completed
914,48,2025-04-13,completed
915,296,2025-03-29,completed
916,383,2025-05-16,completed
917,135,2025-02-20,completed
918,282,2025-03-30,completed
919,132,2025-06-15,completed
920,395,2025-01-11,returned
921,313,2025-03-05,completed
922,398,2025-06-22,completed
923,140,2025-02-18,completed
924,322,2025-02-14,returned
925,298,2025-03-04,returned
926,119,2025-05-30,returned
927,166,2025-01-26,shipped
928,127,2025-06-14,shipped
929,341,2025-01-08,completed
930,70,2025-05-21,completed
931,348,2025-02-13,returned
932,283,2025-06-02,completed
933,160,2025-01-28,completed
934,266,2025-04-27,shipped
935,356,2025-02-28,placed
936,143,2025-02-21,completed
937,92,2025-05-15,placed
938,89,2025-05-30,placed
939,351,2025-06-03,returned
940,246,2025-05-01,returned
941,73,2025-03-17,returned
942,238,2025-05-15,placed
943,270,2025-02-25,completed
944,316,2025-03-10,returned
945,387,2025-02-23,completed
946,253,2025-05-21,completed
947,259,2025-05-07,returned
948,174,2025-06-09,completed
949,62,2025-01-05,completed
950,393,2025-04-22,placed
951,249,2025-06-04,placed
952,345,2025-05-21,completed
953,47,2025-06-22,returned
954,361,2025-01-13,shipped
955,382,2025-02-12,shipped
956,153,2025-02-12,completed
957,365,2025-02-16,completed
958,150,2025-01-23,placed
959,232,2025-01-02,returned
960,103,2025-04-25,completed
961,84,2025-04-02,completed
962,315,2025-05-19,shipped
963,290,2025-06-03,shipped
964,175,2025-05-21,returned
965,302,2025-01-12,placed
966,122,2025-05-05,completed
967,227,2025-03-01,completed
968,180,2025-06-03,completed
969,326,2025-02-15,completed
970,185,2025-03-07,shipped
971,255,2025-06-25,completed
972,196,2025-04-23,shipped
973,268,2025-05-21,shipped
974,381,2025-02-19,completed
975,8,2025-05-15,completed
976,16,2025-02-15,shipped
977,11,2025-02-12,completed
978,201,2025-03-22,shipped
979,303,2025-01-28,completed
980,244,2025-04-06,completed
981,213,2025-04-20,shipped
982,252,2025-05-05,completed
983,47,2025-06-07,completed
984,259,2025-04-12,placed
985,53,2025-02-28,completed
986,385,2025-01-09,completed
987,234,2025-02-20,returned
988,321,2025-02-15,completed
989,18,2025-01-29,completed
990,101,2025-03-09,returned
991,229,2025-03-25,completed
992,228,2025-05-18,completed
993,271,2025-03-05,completed
994,66,2025-01-22,returned
995,115,2025-02-17,returned
996,288,2025-03-06,completed
997,222,2025-06-23,shipped
998,253,2025-04-13,completed
999,353,2025-04-15,completed
1000,201,2025-02-26,completed
1001,154,2025-05-12,completed
1002,207,2025-01-05,completed
1003,366,2025-06-25,returned
1004,218,2025-05-14,completed
1005,252,2025-05-06,returned
1006,130,2025-03-18,shipped
1007,41,2025-04-01,completed
1008,203,2025-02-26,completed
1009,286,2025-03-19,completed
1010,340,2025-02-13,completed
1011,35,2025-04-26,completed
1012,239,2025-05-11,completed
1013,269,2025-05-14,completed
1014,148,2025-05-15,returned
1015,254,2025-04-28,shipped
1016,211,2025-04-29,returned
1017,188,2025-02-21,completed
1018,300,2025-01-27,completed
1019,326,2025-06-06,completed
1020,220,2025-03-03,completed
1021,71,2025-03-23,shipped
1022,35,2025-04-20,returned
1023,324,2025-01-06,returned
1024,372,2025-05-30,shipped
1025,265,2025-06-16,completed
1026,214,2025-03-01,returned
1027,267,2025-04-20,completed
1028,335,2025-05-02,returned
1029,71,2025-01-20,completed
1030,10,2025-06-17,completed
1031,178,2025-06-14,placed
1032,268,2025-06-08,completed
1033,387,2025-04-07,completed
1034,340,2025-06-20,completed
1035,298,2025-06-04,returned
1036,337,2025-05-31,shipped
1037,370,2025-01-18,returned
1038,293,2025-02-16,returned
1039,150,2025-05-22,completed
1040,348,2025-05-07,completed
1041,240,2025-02-28,completed
1042,307,2025-05-22,completed
1043,124,2025-04-30,completed
1044,77,2025-03-06,completed
1045,328,2025-05-15,shipped
1046,72,2025-06-05,completed
1047,349,2025-03-31,placed
1048,363,2025-03-04,completed
1049,92,2025-01-23,placed
1050,57,2025-02-09,completed
1051,126,2025-03-27,completed
1052,81,2025-04-13,placed
1053,48,2025-03-16,completed
1054,220,2025-02-22,completed
1055,197,2025-04-26,shipped
1056,36,2025-01-08,completed
1057,319,2025-04-03,completed
1058,39,2025-04-19,completed
1059,324,2025-01-21,completed
1060,121,2025-06-25,returned
1061,80,2025-04-16,returned
1062,383,2025-04-25,completed
1063,171,2025-03-31,completed
1064,169,2025-06-12,placed
1065,400,2025-05-07,placed
1066,366,2025-06-22,completed
1067,193,2025-03-19,completed
1068,357,2025-01-30,completed
1069,345,2025-01-25,placed
1070,249,2025-01-21,returned
1071,72,2025-06-23,shipped
1072,264,2025-05-10,placed
1073,268,2025-03-21,completed
1074,200,2025-02-19,completed
1075,365,2025-01-20,shipped
1076,224,2025-05-20,completed
1077,245,2025-01-27,completed
1078,227,2025-06-23,returned
1079,22,2025-01-02,completed
1080,246,2025-03-24,completed
1081,267,2025-03-16,completed
1082,188,2025-01-16,placed
1083,19,2025-04-09,completed
1084,277,2025-06-24,completed
1085,50,2025-06-17,completed
1086,251,2025-05-06,shipped
1087,361,2025-03-04,placed
1088,367,2025-06-09,completed
1089,376,2025-05-12,returned
1090,383,2025-04-10,shipped
1091,14,2025-06-26,shipped
1092,43,2025-05-10,returned
1093,355,2025-04-27,completed
1094,316,2025-05-06,completed
1095,92,2025-03-22,completed
1096,265,2025-01-10,returned
1097,364,2025-04-10,placed
1098,93,2025-05-02,completed
1099,236,2025-02-23,completed
1100,96,2025-02-12,completed
1101,342,2025-02-24,completed
1102,234,2025-02-06,completed
1103,383,2025-06-29,placed
1104,158,2025-01-18,completed
1105,60,2025-02-16,placed
1106,153,2025-02-14,completed
1107,326,2025-01-20,completed
1108,323,2025-01-10,shipped
1109,133,2025-01-21,shipped
1110,200,2025-05-04,completed
1111,19,2025-02-11,shipped
1112,138,2025-02-10,completed
1113,132,2025-02-01,returned
1114,44,2025-05-28,placed
1115,384,2025-06-16,returned
1116,389,2025-04-25,returned
1117,240,2025-01-02,shipped
1118,327,2025-03-27,returned
1119,225,2025-02-05,completed
1120,178,2025-01-08,completed
1121,87,2025-06-20,placed
1122,225,2025-02-25,completed
1123,283,2025-01-22,completed
1124,33,2025-06-15,completed
1125,153,2025-05-03,completed
1126,231,2025-04-22,completed
1127,251,2025-05-24,shipped
1128,66,2025-02-27,returned
1129,80,2025-05-27,shipped
1130,300,2025-06-22,completed
1131,133,2025-04-06,placed
1132,105,2025-06-02,returned
1133,377,2025-04-07,placed
1134,272,2025-06-06,completed
1135,3,2025-03-10,completed
1136,91,2025-01-25,placed
1137,334,2025-04-10,returned
1138,273,2025-05-06,completed
1139,125,2025-01-29,shipped
1140,296,2025-01-03,shipped
1141,286,2025-02-24,shipped
1142,153,2025-05-02,completed
1143,174,2025-01-25,placed
1144,317,2025-01-21,placed
1145,41,2025-01-23,shipped
1146,47,2025-03-16,completed
1147,325,2025-05-03,returned
1148,88,2025-06-02,completed
1149,222,2025-04-13,completed
1150,205,2025-01-30,completed
1151,216,2025-02-26,completed
1152,205,2025-02-07,completed
1153,7,2025-06-03,shipped
1154,44,2025-04-19,placed
1155,181,2025-01-15,returned
1156,318,2025-04-23,completed
1157,8,2025-05-12,completed
1158,204,2025-05-11,placed
1159,276,2025-05-30,completed
1160,202,2025-06-29,completed
1161,74,2025-02-14,shipped
1162,49,2025-06-14,shipped
1163,38,2025-06-13,shipped
1164,248,2025-02-15,returned
1165,131,2025-06-13,placed
1166,74,2025-05-27,completed
1167,123,2025-06-03,completed
1168,155,2025-06-29,completed
1169,284,2025-03-01,shipped
1170,131,2025-01-15,completed
1171,332,2025-02-07,completed
1172,217,2025-04-09,shipped
1173,394,2025-01-18,completed
1174,230,2025-06-06,shipped
1175,103,2025-05-08,shipped
1176,399,2025-01-30,completed
1177,180,2025-02-14,shipped
1178,368,2025-01-08,completed
1179,307,2025-05-15,completed
1180,380,2025-01-03,placed
1181,244,2025-06-02,placed
1182,282,2025-04-27,returned
1183,188,2025-05-16,completed
1184,257,2025-05-28,completed
1185,326,2025-05-07,completed
1186,318,2025-04-12,shipped
1187,178,2025-01-29,placed
1188,200,2025-03-26,completed
1189,315,2025-06-06,completed
1190,355,2025-04-22,completed
1191,37,2025-02-24,completed
1192,305,2025-05-05,completed
1193,35,2025-01-15,completed
1194,386,2025-05-05,completed
1195,79,2025-02-14,returned
1196,49,2025-06-10,completed
1197,154,2025-01-26,completed
1198,190,2025-02-08,completed
1199,109,2025-02-01,returned
1200,18,2025-03-11,completed
1201,13,2025-05-17,returned
1202,377,2025-03-29,completed
1203,260,2025-01-22,placed
1204,77,2025-05-20,completed
1205,123,2025-05-25,completed
1206,307,2025-02-21,completed
1207,47,2025-01-16,completed
1208,295,2025-02-13,returned
1209,38,2025-01-03,placed
1210,35,2025-06-12,returned
1211,65,2025-05-12,returned
1212,358,2025-04-04,completed
1213,348,2025-02-05,completed
1214,287,2025-02-27,completed
1215,331,2025-01-02,shipped
1216,59,2025-03-10,completed
1217,57,2025-06-29,placed
1218,61,2025-06-08,shipped
1219,29,2025-03-14,shipped
1220,335,2025-04-13,completed
1221,123,2025-04-05,completed
1222,179,2025-04-18,shipped
1223,316,2025-02-26,shipped
1224,210,2025-04-25,placed
1225,130,2025-01-22,placed
1226,233,2025-02-23,completed
1227,174,2025-01-08,completed
1228,21,2025-02-25,completed
1229,389,2025-02-09,placed
1230,6,2025-02-04,completed
1231,291,2025-05-11,shipped
1232,9,2025-01-15,completed
1233,220,2025-03-25,completed
1234,8,2025-05-26,completed
1235,90,2025-06-05,completed
1236,162,2025-02-26,completed
1237,366,2025-03-23,placed
1238,394,2025-04-01,completed
1239,271,2025-01-13,shipped
1240,143,2025-02-15,placed
1241,269,2025-03-03,completed
1242,20,2025-02-23,placed
1243,351,2025-03-18,placed
1244,341,2025-01-06,placed
1245,153,2025-03-22,placed
1246,277,2025-05-08,shipped
1247,202,2025-06-06,completed
1248,373,2025-03-24,placed
1249,25,2025-04-13,placed
1250,2,2025-04-20,shipped
1251,392,2025-03-17,completed
1252,258,2025-04-07,returned
1253,173,2025-04-15,shipped
1254,354,2025-05-16,completed
1255,279,2025-02-14,completed
1256,67,2025-05-04,placed
1257,183,2025-05-08,shipped
1258,353,2025-03-22,completed
1259,35,2025-05-26,completed
1260,80,2025-01-06,completed
1261,366,2025-03-27,returned
1262,225,2025-01-24,completed
1263,238,2025-03-23,placed
1264,48,2025-05-08,completed
1265,150,2025-06-14,shipped
1266,166,2025-04-13,placed
1267,47,2025-04-15,completed
1268,74,2025-04-06,completed
1269,24,2025-05-18,completed
1270,325,2025-02-02,shipped
1271,26,2025-01-21,placed
1272,172,2025-06-06,shipped
1273,211,2025-03-09,returned
1274,29,2025-03-01,shipped
1275,170,2025-01-22,shipped
1276,143,2025-05-23,completed
1277,347,2025-03-04,completed
1278,119,2025-03-23,completed
1279,332,2025-01-10,shipped
1280,107,2025-05-22,returned
1281,119,2025-01-27,completed
1282,395,2025-03-17,returned
1283,315,2025-06-28,completed
1284,201,2025-06-02,placed
1285,178,2025-06-11,completed
1286,33,2025-03-01,returned
1287,324,2025-06-17,completed
1288,41,2025-02-22,returned
1289,52,2025-02-12,completed
1290,334,2025-06-24,completed
1291,151,2025-03-02,placed
1292,188,2025-06-03,placed
1293,10,2025-01-08,placed
1294,185,2025-01-09,returned
1295,193,2025-03-13,returned
1296,366,2025-06-01,placed
1297,64,2025-05-04,returned
1298,320,2025-04-06,shipped
1299,117,2025-06-27,completed
1300,260,2025-05-08,returned
1301,343,2025-02-20,placed
1302,208,2025-02-22,returned
1303,21,2025-01-05,returned
1304,17,2025-01-30,shipped
1305,375,2025-05-02,completed
1306,16,2025-02-01,completed
1307,283,2025-02-21,completed
1308,381,2025-02-08,shipped
1309,42,2025-05-24,completed
1310,217,2025-05-27,shipped
1311,115,2025-04-25,placed
1312,377,2025-03-17,shipped
1313,388,2025-02-27,placed
1314,4,2025-04-24,completed
1315,7,2025-01-29,completed
1316,112,2025-06-11,placed
1317,65,2025-06-16,completed
1318,147,2025-04-13,returned
1319,384,2025-04-18,completed
1320,379,2025-05-14,placed
1321,348,2025-01-18,completed
1322,363,2025-03-04,completed
1323,85,2025-02-09,placed
1324,192,2025-06-09,completed
1325,254,2025-06-15,completed
1326,47,2025-04-24,placed
1327,211,2025-03-01,completed
1328,30,2025-01-05,completed
1329,165,2025-04-13,returned
1330,335,2025-04-16,completed
1331,253,2025-03-29,completed
1332,118,2025-01-08,completed
1333,242,2025-04-07,completed
1334,114,2025-03-03,placed
1335,380,2025-05-28,completed
1336,338,2025-06-14,completed
1337,344,2025-04-28,completed
1338,206,2025-05-14,shipped
1339,99,2025-04-23,completed
1340,199,2025-06-04,shipped
1341,82,2025-04-10,returned
1342,378,2025-05-25,returned
1343,326,2025-06-25,placed
1344,92,2025-05-26,completed
1345,190,2025-01-08,completed
1346,134,2025-04-26,completed
1347,85,2025-05-09,completed
1348,234,2025-01-22,shipped
1349,395,2025-05-03,shipped
1350,85,2025-03-28,completed
1351,253,2025-04-15,returned
1352,348,2025-03-06,returned
1353,1,2025-01-13,completed
1354,299,2025-02-02,shipped
1355,260,2025-02-04,completed
1356,101,2025-06-30,shipped
1357,136,2025-01-01,returned
1358,280,2025-05-10,returned
1359,12,2025-03-14,shipped
1360,332,2025-06-01,shipped
1361,10,2025-04-05,returned
1362,384,2025-06-10,returned
1363,328,2025-03-10,placed
1364,116,2025-03-29,completed
1365,314,2025-04-11,returned
1366,262,2025-06-22,completed
1367,227,2025-03-25,completed
1368,303,2025-05-27,shipped
1369,396,2025-06-23,shipped
1370,216,2025-04-16,placed
1371,259,2025-05-17,placed
1372,206,2025-03-20,completed
1373,36,2025-06-20,completed
1374,214,2025-06-15,completed
1375,130,2025-02-07,completed
1376,329,2025-01-10,placed
1377,274,2025-02-14,shipped
1378,106,2025-01-03,returned
1379,22,2025-01-17,placed
1380,268,2025-02-27,placed
1381,67,2025-06-23,returned
1382,225,2025-03-30,completed
1383,275,2025-05-11,completed
1384,362,2025-05-28,returned
1385,241,2025-03-19,placed
1386,140,2025-01-29,shipped
1387,27,2025-06-24,completed
1388,281,2025-05-06,shipped
1389,79,2025-03-31,completed
1390,82,2025-03-29,shipped
1391,139,2025-05-29,completed
1392,55,2025-06-28,returned
1393,34,2025-01-15,returned
1394,126,2025-03-25,completed
1395,326,2025-01-08,completed
1396,190,2025-02-26,completed
1397,186,2025-05-16,shipped
1398,243,2025-05-01,completed
1399,296,2025-05-27,completed
1400,55,2025-02-24,placed
1401,61,2025-04-08,completed
1402,89,2025-02-23,placed
1403,300,2025-03-19,returned
1404,31,2025-06-05,completed
1405,68,2025-05-19,returned
1406,374,2025-05-04,completed
1407,342,2025-03-10,completed
1408,254,2025-03-18,shipped
1409,357,2025-02-21,completed
1410,390,2025-02-08,shipped
1411,185,2025-04-25,completed
1412,124,2025-05-19,completed
1413,259,2025-04-09,shipped
1414,383,2025-02-23,placed
1415,379,2025-03-13,completed
1416,371,2025-03-25,shipped
1417,392,2025-05-17,placed
1418,134,2025-03-24,completed
1419,326,2025-05-25,completed
1420,301,2025-02-04,shipped
1421,160,2025-04-01,completed
1422,124,2025-04-05,placed
1423,379,2025-01-18,completed
1424,84,2025-01-23,completed
1425,336,2025-03-21,returned
1426,337,2025-06-11,shipped
1427,243,2025-05-25,completed
1428,326,2025-03-26,completed
1429,395,2025-06-20,placed
1430,95,2025-02-04,returned
1431,361,2025-01-03,completed
1432,282,2025-03-14,returned
1433,371,2025-04-15,completed
1434,306,2025-04-30,completed
1435,52,2025-03-18,placed
1436,328,2025-06-22,completed
1437,3,2025-06-03,shipped
1438,248,2025-02-24,completed
1439,223,2025-05-23,completed
1440,250,2025-04-28,completed
1441,135,2025-01-20,completed
1442,340,2025-04-09,completed
1443,163,2025-03-11,placed
1444,282,2025-03-16,completed
1445,247,2025-05-17,completed
1446,353,2025-03-02,completed
1447,263,2025-05-11,completed
1448,333,2025-02-26,completed
1449,291,2025-02-27,completed
1450,51,2025-04-14,placed
1451,275,2025-05-29,returned
1452,314,2025-06-04,shipped
1453,135,2025-01-06,shipped
1454,377,2025-06-18,placed
1455,55,2025-03-24,completed
1456,207,2025-02-07,returned
1457,108,2025-06-17,shipped
1458,97,2025-03-25,returned
1459,249,2025-01-04,shipped
1460,368,2025-01-25,completed
1461,102,2025-06-16,completed
1462,367,2025-03-04,placed
1463,375,2025-02-01,shipped
1464,210,2025-02-09,returned
1465,333,2025-06-09,completed
1466,187,2025-03-23,shipped
1467,229,2025-06-09,completed
1468,176,2025-05-23,returned
1469,304,2025-01-16,completed
1470,161,2025-06-19,completed
1471,237,2025-02-25,completed
1472,383,2025-05-28,placed
1473,385,2025-04-13,returned
1474,282,2025-03-19,placed
1475,265,2025-04-21,completed
1476,43,2025-01-10,returned
1477,110,2025-04-16,completed
1478,29,2025-06-14,completed
1479,49,2025-06-25,completed
1480,79,2025-06-06,completed
1481,347,2025-02-03,placed
1482,262,2025-06-22,completed
1483,176,2025-05-13,completed
1484,104,2025-04-19,completed
1485,145,2025-05-17,returned
1486,180,2025-04-17,placed
1487,116,2025-06-17,shipped
1488,47,2025-06-06,placed
1489,364,2025-03-20,shipped
1490,344,2025-02-03,shipped
1491,257,2025-01-09,completed
1492,6,2025-05-14,shipped
1493,237,2025-01-27,placed
1494,7,2025-03-24,returned
1495,180,2025-04-03,returned
1496,358,2025-05-29,returned
1497,337,2025-03-15,placed
1498,80,2025-04-18,completed
1499,352,2025-02-08,shipped
1500,80,2025-01-06,returned
1501,207,2025-06-13,returned
1502,116,2025-05-09,completed
1503,126,2025-05-29,completed
1504,230,2025-03-15,shipped
1505,187,2025-04-08,completed
1506,189,2025-01-05,placed
1507,349,2025-03-02,completed
1508,86,2025-04-02,returned
1509,19,2025-06-18,placed
1510,131,2025-01-31,completed
1511,28,2025-01-13,completed
1512,397,2025-03-12,completed
1513,192,2025-06-08,completed
1514,110,2025-05-18,returned
1515,69,2025-03-22,placed
1516,150,2025-04-29,completed
1517,220,2025-06-03,completed
1518,326,2025-06-14,completed
1519,269,2025-06-19,placed
1520,387,2025-05-19,placed
1521,60,2025-05-01,returned
1522,200,2025-04-24,returned
1523,163,2025-05-13,returned
1524,261,2025-05-21,completed
1525,386,2025-06-30,completed
1526,60,2025-05-27,completed
1527,153,2025-03-26,shipped
1528,138,2025-04-04,returned
1529,212,2025-03-27,completed
1530,348,2025-05-22,completed
1531,324,2025-04-03,completed
1532,382,2025-02-28,completed
1533,276,2025-01-13,returned
1534,354,2025-01-02,completed
1535,11,2025-06-22,completed
1536,217,2025-05-13,shipped
1537,67,2025-03-01,returned
1538,189,2025-02-24,completed
1539,20,2025-01-18,completed
1540,91,2025-03-19,completed
1541,237,2025-04-03,completed
1542,93,2025-06-08,returned
1543,302,2025-01-11,placed
1544,249,2025-05-26,shipped
1545,258,2025-05-08,placed
1546,101,2025-06-08,shipped
1547,100,2025-02-12,completed
1548,224,2025-05-19,completed
1549,69,2025-02-26,completed
1550,38,2025-03-10,returned
1551,171,2025-04-08,completed
1552,368,2025-05-15,completed
1553,86,2025-02-08,completed
1554,79,2025-06-27,shipped
1555,299,2025-02-14,completed
1556,249,2025-05-09,returned
1557,17,2025-06-05,completed
1558,318,2025-02-09,completed
1559,153,2025-06-16,completed
1560,198,2025-05-21,returned
1561,292,2025-02-03,completed
1562,144,2025-03-07,placed
1563,90,2025-01-26,completed
1564,275,2025-02-20,completed
1565,324,2025-02-25,completed
1566,270,2025-05-28,completed
1567,55,2025-01-18,completed
1568,328,2025-01-06,completed
1569,139,2025-06-23,placed
1570,103,2025-01-28,completed
1571,314,2025-03-25,completed
1572,256,2025-02-19,completed
1573,108,2025-03-23,placed
1574,264,2025-04-01,placed
1575,50,2025-05-24,completed
1576,288,2025-06-30,shipped
1577,322,2025-04-29,completed
1578,316,2025-02-11,completed
1579,240,2025-05-17,completed
1580,254,2025-04-28,placed
1581,290,2025-01-09,placed
1582,205,2025-03-05,completed
1583,269,2025-01-01,placed
1584,334,2025-03-10,completed
1585,84,2025-03-08,placed
1586,251,2025-04-22,placed
1587,69,2025-01-28,shipped
1588,109,2025-05-14,completed
1589,358,2025-06-10,completed
1590,143,2025-01-20,placed
1591,106,2025-06-18,completed
1592,30,2025-05-22,placed
1593,358,2025-03-04,completed
1594,261,2025-02-02,completed
1595,13,2025-06-01,completed
1596,57,2025-03-11,completed
1597,214,2025-03-05,returned
1598,24,2025-05-10,returned
1599,36,2025-04-20,completed
1600,225,2025-03-18,completed
1601,215,2025-02-11,shipped
1602,181,2025-04-20,completed
1603,273,2025-03-18,returned
1604,139,2025-03-10,completed
1605,36,2025-06-15,returned
1606,391,2025-01-02,completed
1607,244,2025-02-15,completed
1608,346,2025-02-16,shipped
1609,363,2025-06-29,completed
1610,110,2025-06-14,placed
1611,9,2025-01-30,placed
1612,337,2025-06-22,completed
1613,312,2025-04-06,returned
1614,342,2025-05-20,placed
1615,321,2025-06-16,completed
1616,166,2025-04-26,placed
1617,67,2025-06-15,placed
1618,5,2025-02-13,placed
1619,387,2025-04-03,placed
1620,7,2025-04-30,completed
1621,305,2025-03-26,completed
1622,10,2025-02-11,completed
1623,41,2025-03-10,completed
1624,84,2025-01-29,shipped
1625,162,2025-01-12,completed
1626,39,2025-02-01,completed
1627,182,2025-06-20,completed
1628,70,2025-05-09,completed
1629,177,2025-06-28,completed
1630,140,2025-04-23,placed
1631,303,2025-02-16,completed
1632,348,2025-02-15,returned
1633,357,2025-02-28,completed
1634,138,2025-02-26,returned
1635,362,2025-05-14,placed
1636,298,2025-05-07,completed
1637,21,2025-02-24,completed
1638,95,2025-06-18,completed
1639,130,2025-05-23,completed
1640,281,2025-04-08,placed
1641,91,2025-01-20,placed
1642,93,2025-03-26,shipped
1643,11,2025-02-11,completed
1644,212,2025-01-26,completed
1645,201,2025-01-03,shipped
1646,287,2025-06-03,shipped
1647,70,2025-03-09,completed
1648,78,2025-03-03,returned
1649,96,2025-05-03,completed
1650,138,2025-05-15,completed
1651,225,2025-02-06,shipped
1652,362,2025-01-04,shipped
1653,144,2025-03-15,shipped
1654,61,2025-06-30,returned
1655,292,2025-03-18,placed
1656,35,2025-03-17,completed
1657,102,2025-04-18,completed
1658,278,2025-01-15,placed
1659,332,2025-04-20,placed
1660,304,2025-04-01,completed
1661,254,2025-03-16,completed
1662,135,2025-03-20,shipped
1663,346,2025-05-25,shipped
1664,251,2025-03-04,completed
1665,261,2025-03-20,returned
1666,264,2025-01-07,shipped
1667,245,2025-04-05,returned
1668,58,2025-06-05,shipped
1669,67,2025-04-08,completed
1670,47,2025-02-17,completed
1671,228,2025-01-28,shipped
1672,82,2025-05-18,shipped
1673,42,2025-04-05,shipped
1674,341,2025-06-08,placed
1675,267,2025-05-02,placed
1676,4,2025-04-06,shipped
1677,374,2025-03-29,completed
1678,101,2025-03-03,completed
1679,274,2025-03-11,completed
1680,289,2025-01-12,completed
1681,389,2025-03-15,shipped
1682,205,2025-01-15,placed
1683,33,2025-01-03,returned
1684,325,2025-06-06,completed
1685,37,2025-02-15,shipped
1686,277,2025-04-25,completed
1687,122,2025-04-04,completed
1688,140,2025-06-17,completed
1689,285,2025-03-02,completed
1690,32,2025-01-24,completed
1691,2,2025-03-01,returned
1692,110,2025-05-04,completed
1693,360,2025-01-29,completed
1694,355,2025-01-31,completed
1695,79,2025-01-01,completed
1696,39,2025-05-09,completed
1697,303,2025-05-19,completed
1698,104,2025-03-31,shipped
1699,143,2025-03-24,placed
1700,298,2025-06-18,shipped
1701,393,2025-05-08,shipped
1702,344,2025-05-23,completed
1703,157,2025-06-16,completed
1704,98,2025-06-16,completed
1705,200,2025-05-24,completed
1706,112,2025-04-08,shipped
1707,213,2025-03-20,completed
1708,38,2025-01-23,shipped
1709,286,2025-05-21,completed
1710,221,2025-04-27,completed
1711,381,2025-06-30,completed
1712,1,2025-06-21,placed
1713,213,2025-03-28,placed
1714,340,2025-04-14,returned
1715,374,2025-03-04,returned
1716,80,2025-01-09,shipped
1717,36,2025-04-25,returned
1718,277,2025-01-23,placed
1719,369,2025-04-22,placed
1720,306,2025-03-27,shipped
1721,309,2025-01-05,completed
1722,280,2025-02-20,shipped
1723,364,2025-06-19,completed
1724,360,2025-01-01,completed
1725,88,2025-05-10,completed
1726,218,2025-03-02,shipped
1727,185,2025-05-05,shipped
1728,270,2025-05-28,placed
1729,64,2025-02-07,completed
1730,154,2025-02-25,completed
1731,205,2025-06-18,completed
1732,2,2025-01-25,placed
1733,207,2025-03-01,completed
1734,339,2025-04-13,completed
1735,247,2025-02-14,completed
1736,333,2025-06-04,placed
1737,228,2025-01-14,completed
1738,355,2025-05-24,completed
1739,396,2025-02-13,completed
1740,267,2025-04-14,returned
1741,132,2025-06-20,returned
1742,251,2025-05-14,completed
1743,267,2025-02-01,completed
1744,21,2025-02-20,placed
1745,271,2025-06-10,completed
1746,281,2025-06-21,completed
1747,112,2025-01-27,placed
1748,7,2025-02-25,returned
1749,284,2025-01-09,completed
1750,125,2025-02-25,completed
1751,138,2025-01-16,completed
1752,329,2025-03-16,completed
1753,90,2025-01-08,completed
1754,341,2025-03-08,placed
1755,364,2025-05-23,shipped
1756,364,2025-05-24,completed
1757,284,2025-05-16,completed
1758,257,2025-05-09,shipped
1759,306,2025-04-24,shipped
1760,121,2025-06-29,completed
1761,110,2025-04-12,completed
1762,350,2025-01-07,placed
1763,113,2025-02-22,completed
1764,158,2025-03-14,completed
1765,153,2025-05-30,completed
1766,287,2025-04-01,placed
1767,35,2025-02-10,completed
1768,103,2025-02-11,completed
1769,87,2025-02-14,placed
1770,179,2025-05-03,completed
1771,189,2025-04-16,placed
1772,322,2025-01-19,completed
1773,96,2025-03-02,returned
1774,67,2025-02-26,returned
1775,381,2025-06-04,returned
1776,270,2025-03-20,shipped
1777,332,2025-05-17,completed
1778,317,2025-05-24,placed
1779,47,2025-01-19,completed
1780,320,2025-03-25,completed
1781,345,2025-02-22,placed
1782,289,2025-02-28,placed
1783,59,2025-04-10,placed
1784,154,2025-04-30,placed
1785,96,2025-01-03,shipped
1786,273,2025-01-08,placed
1787,321,2025-01-19,shipped
1788,32,2025-05-05,completed
1789,385,2025-06-13,returned
1790,278,2025-06-09,shipped
1791,360,2025-04-07,completed
1792,63,2025-01-29,returned
1793,376,2025-05-08,completed
1794,96,2025-04-30,completed
1795,198,2025-02-14,shipped
1796,355,2025-05-12,completed
1797,291,2025-04-19,returned
1798,250,2025-01-29,completed
1799,198,2025-05-08,placed
1800,138,2025-01-21,shipped
1801,91,2025-05-19,shipped
1802,131,2025-06-03,placed
1803,242,2025-05-19,placed
1804,341,2025-05-19,shipped
1805,123,2025-01-17,placed
1806,381,2025-01-21,returned
1807,191,2025-06-22,shipped
1808,147,2025-02-08,shipped
1809,246,2025-05-09,completed
1810,97,2025-04-30,completed
1811,105,2025-05-25,returned
1812,238,2025-03-30,completed
1813,194,2025-06-04,completed
1814,368,2025-02-07,completed
1815,3,2025-03-24,completed
1816,50,2025-04-15,completed
1817,133,2025-02-18,completed
1818,398,2025-02-18,completed
1819,159,2025-01-31,shipped
1820,38,2025-04-07,completed
1821,82,2025-05-04,completed
1822,69,2025-05-20,placed
1823,131,2025-05-03,completed
1824,214,2025-04-25,completed
1825,252,2025-02-18,completed
1826,236,2025-01-13,returned
1827,131,2025-03-25,placed
1828,98,2025-01-14,completed
1829,140,2025-06-06,returned
1830,163,2025-05-12,completed
1831,99,2025-01-08,completed
1832,337,2025-03-21,placed
1833,352,2025-05-26,returned
1834,275,2025-02-09,returned
1835,279,2025-01-15,completed
1836,386,2025-04-30,completed
1837,88,2025-05-21,returned
1838,335,2025-06-17,completed
1839,343,2025-02-20,completed
1840,272,2025-03-23,completed
1841,220,2025-04-23,placed
1842,312,2025-03-28,completed
1843,29,2025-02-24,completed
1844,367,2025-06-09,placed
1845,96,2025-01-04,returned
1846,290,2025-01-16,placed
1847,14,2025-02-23,returned
1848,227,2025-05-07,completed
1849,314,2025-02-15,returned
1850,140,2025-01-05,completed
1851,99,2025-04-18,shipped
1852,350,2025-02-03,returned
1853,2,2025-03-29,completed
1854,328,2025-05-30,placed
1855,42,2025-06-12,completed
1856,218,2025-04-30,placed
1857,339,2025-06-02,returned
1858,380,2025-03-13,completed
1859,263,2025-01-24,shipped
1860,149,2025-04-02,placed
1861,145,2025-04-10,shipped
1862,308,2025-04-29,completed
1863,123,2025-01-20,completed
1864,171,2025-03-07,completed
1865,49,2025-05-19,completed
1866,297,2025-01-28,placed
1867,347,2025-03-29,returned
1868,249,2025-05-01,completed
1869,324,2025-02-07,completed
1870,124,2025-04-18,shipped
1871,353,2025-01-21,shipped
1872,193,2025-05-04,completed
1873,60,2025-01-03,returned
1874,390,2025-03-21,completed
1875,289,2025-06-21,returned
1876,62,2025-06-02,placed
1877,265,2025-02-04,returned
1878,83,2025-04-25,completed
1879,331,2025-04-13,shipped
1880,328,2025-05-18,completed
1881,109,2025-02-25,shipped
1882,278,2025-04-22,returned
1883,62,2025-03-16,completed
1884,53,2025-04-02,returned
1885,211,2025-06-09,completed
1886,189,2025-06-10,completed
1887,254,2025-02-04,shipped
1888,46,2025-01-07,completed
1889,339,2025-03-16,shipped
1890,303,2025-03-13,completed
1891,264,2025-01-24,returned
1892,40,2025-05-19,shipped
1893,82,2025-04-22,completed
1894,131,2025-04-01,completed
1895,263,2025-03-01,completed
1896,170,2025-03-31,placed
1897,61,2025-04-17,returned
1898,150,2025-01-09,shipped
1899,258,2025-02-10,completed
1900,262,2025-03-17,returned
1901,11,2025-03-28,placed
1902,278,2025-04-14,completed
1903,6,2025-03-11,completed
1904,226,2025-05-18,completed
1905,25,2025-06-18,returned
1906,283,2025-03-24,completed
1907,34,2025-06-11,completed
1908,351,2025-02-02,completed
1909,377,2025-04-19,completed
1910,31,2025-03-20,returned
1911,268,2025-06-01,returned
1912,230,2025-06-03,shipped
1913,132,2025-05-22,completed
1914,197,2025-01-21,completed
1915,258,2025-03-25,shipped
1916,100,2025-04-06,shipped
1917,303,2025-01-10,placed
1918,77,2025-03-10,placed
1919,231,2025-04-16,shipped
1920,81,2025-06-05,placed
1921,62,2025-02-24,placed
1922,155,2025-03-27,placed
1923,155,2025-04-04,returned
1924,396,2025-02-07,completed
1925,125,2025-05-28,completed
1926,74,2025-04-10,placed
1927,9,2025-05-22,shipped
1928,174,2025-03-11,completed
1929,87,2025-01-01,completed
1930,258,2025-02-09,shipped
1931,31,2025-03-16,completed
1932,300,2025-02-20,completed
1933,358,2025-02-25,completed
1934,61,2025-03-26,returned
1935,371,2025-03-20,completed
1936,281,2025-06-02,completed
1937,98,2025-03-10,completed
1938,327,2025-04-01,shipped
1939,211,2025-01-23,returned
1940,142,2025-06-09,returned
1941,304,2025-03-19,returned
1942,386,2025-06-21,shipped
1943,129,2025-06-18,placed
1944,105,2025-02-19,shipped
1945,161,2025-03-09,placed
1946,376,2025-03-24,completed
1947,281,2025-05-30,completed
1948,316,2025-05-25,completed
1949,205,2025-02-24,completed
1950,106,2025-03-03,completed
1951,394,2025-05-12,completed
1952,361,2025-01-12,completed
1953,173,2025-03-19,completed
1954,231,2025-03-17,completed
1955,384,2025-02-07,completed
1956,319,2025-02-07,completed
1957,185,2025-01-25,shipped
1958,41,2025-01-08,returned
1959,154,2025-04-03,placed
1960,372,2025-06-19,returned
1961,144,2025-02-15,completed
1962,60,2025-05-30,completed
1963,77,2025-02-19,shipped
1964,329,2025-03-23,completed
1965,50,2025-04-09,completed
1966,364,2025-05-21,placed
1967,313,2025-03-27,placed
1968,370,2025-04-20,returned
1969,77,2025-05-02,completed
1970,87,2025-02-07,shipped
1971,233,2025-02-05,placed
1972,266,2025-04-03,completed
1973,361,2025-06-15,shipped
1974,377,2025-03-27,placed
1975,296,2025-06-30,completed
1976,383,2025-02-22,completed
1977,8,2025-04-09,placed
1978,158,2025-03-04,returned
1979,309,2025-03-22,returned
1980,286,2025-05-28,returned
1981,72,2025-02-05,placed
1982,253,2025-05-18,shipped
1983,141,2025-01-09,returned
1984,289,2025-05-05,completed
1985,394,2025-03-24,returned
1986,276,2025-01-08,completed
1987,358,2025-03-19,completed
1988,105,2025-06-26,completed
1989,315,2025-03-09,completed
1990,53,2025-04-16,completed
1991,253,2025-02-15,completed
1992,385,2025-03-17,placed
1993,23,2025-04-19,placed
1994,386,2025-02-01,shipped
1995,350,2025-04-21,returned
1996,361,2025-04-28,completed
1997,10,2025-06-20,completed
1998,218,2025-04-17,placed
1999,181,2025-06-17,shipped
2000,352,2025-06-03,completed
2001,262,2025-04-22,completed
2002,284,2025-06-05,completed
2003,346,2025-03-13,placed
2004,161,2025-01-19,completed
2005,382,2025-06-25,shipped
2006,229,2025-04-18,returned
2007,118,2025-03-26,completed
2008,377,2025-01-10,returned
2009,83,2025-02-22,returned
2010,84,2025-05-20,completed
2011,57,2025-04-22,completed
2012,252,2025-01-31,completed
2013,143,2025-05-16,completed
2014,288,2025-06-01,completed
2015,291,2025-01-07,completed
2016,373,2025-06-11,placed
2017,232,2025-02-23,completed
2018,273,2025-05-19,completed
2019,72,2025-01-16,completed
2020,272,2025-01-07,completed
2021,242,2025-02-09,completed
2022,318,2025-05-29,shipped
2023,108,2025-03-10,completed
2024,261,2025-02-06,completed
2025,226,2025-06-15,shipped
2026,261,2025-06-23,completed
2027,55,2025-02-22,completed
2028,250,2025-04-28,placed
2029,188,2025-02-03,completed
2030,372,2025-03-31,returned
2031,67,2025-01-03,returned
2032,320,2025-06-02,returned
2033,65,2025-01-10,returned
2034,391,2025-06-17,returned
2035,45,2025-05-25,returned
2036,168,2025-02-22,returned
2037,165,2025-04-15,completed
2038,364,2025-02-16,completed
2039,224,2025-05-22,completed
2040,369,2025-01-29,placed
2041,293,2025-01-22,completed
2042,83,2025-02-15,shipped
2043,74,2025-05-07,completed
2044,166,2025-02-06,returned
2045,203,2025-04-03,returned
2046,216,2025-05-28,placed
2047,96,2025-01-17,shipped
2048,322,2025-03-13,completed
2049,287,2025-04-16,returned
2050,276,2025-06-02,returned
2051,197,2025-06-07,returned
2052,243,2025-01-07,placed
2053,260,2025-05-16,completed
2054,39,2025-01-21,shipped
2055,294,2025-06-28,shipped
2056,191,2025-01-28,placed
2057,151,2025-06-24,returned
2058,231,2025-03-20,completed
2059,362,2025-06-19,completed
2060,79,2025-06-13,returned
2061,126,2025-02-24,placed
2062,252,2025-06-28,completed
2063,292,2025-02-10,completed
2064,378,2025-04-27,returned
2065,93,2025-06-18,placed
2066,254,2025-05-24,completed
2067,314,2025-01-14,completed
2068,135,2025-06-11,completed
2069,126,2025-06-21,completed
2070,380,2025-03-18,placed
2071,139,2025-01-30,completed
2072,186,2025-06-21,completed
2073,211,2025-03-14,returned
2074,26,2025-06-17,returned
2075,164,2025-02-04,placed
2076,247,2025-05-23,shipped
2077,341,2025-05-03,shipped
2078,250,2025-01-08,shipped
2079,139,2025-03-03,returned
2080,103,2025-03-31,placed
2081,390,2025-05-27,completed
2082,128,2025-04-25,completed
2083,115,2025-03-31,completed
2084,248,2025-05-12,completed
2085,240,2025-06-25,completed
2086,51,2025-06-05,placed
2087,313,2025-01-19,completed
2088,141,2025-01-09,placed
2089,186,2025-05-07,completed
2090,126,2025-03-02,completed
2091,134,2025-03-31,placed
2092,136,2025-01-28,placed
2093,385,2025-06-11,shipped
2094,217,2025-03-23,shipped
2095,105,2025-02-07,shipped
2096,178,2025-04-10,completed
2097,227,2025-05-27,completed
2098,191,2025-04-18,returned
2099,318,2025-01-07,completed
2100,187,2025-04-10,placed
2101,255,2025-02-03,completed
2102,330,2025-05-03,returned
2103,108,2025-02-19,shipped
2104,67,2025-06-24,shipped
2105,219,2025-02-28,completed
2106,345,2025-06-07,completed
2107,284,2025-05-06,placed
2108,61,2025-04-03,completed
2109,2,2025-01-17,shipped
2110,117,2025-03-31,placed
2111,342,2025-01-14,shipped
2112,206,2025-01-05,placed
2113,217,2025-06-05,shipped
2114,288,2025-05-11,shipped
2115,76,2025-06-16,placed
2116,330,2025-06-05,completed
2117,325,2025-04-20,returned
2118,186,2025-05-09,completed
2119,57,2025-05-16,completed
2120,310,2025-05-04,completed
2121,329,2025-01-31,shipped
2122,387,2025-01-20,completed
2123,102,2025-02-14,completed
2124,295,2025-02-05,returned
2125,201,2025-04-22,completed
2126,116,2025-02-16,returned
2127,47,2025-03-23,placed
2128,368,2025-06-03,completed
2129,200,2025-03-28,returned
2130,395,2025-01-31,completed
2131,219,2025-05-03,completed
2132,135,2025-06-05,placed
2133,76,2025-03-14,shipped
2134,8,2025-06-14,returned
2135,152,2025-04-21,shipped
2136,198,2025-06-29,completed
2137,221,2025-06-04,completed
2138,63,2025-03-04,shipped
2139,337,2025-03-27,completed
2140,319,2025-05-29,completed
2141,60,2025-05-26,completed
2142,101,2025-04-29,returned
2143,253,2025-03-12,returned
2144,128,2025-01-31,placed
2145,196,2025-01-30,placed
2146,400,2025-02-13,placed
2147,26,2025-01-14,shipped
2148,350,2025-02-09,placed
2149,103,2025-03-31,placed
2150,226,2025-01-13,completed
2151,111,2025-06-16,returned
2152,388,2025-05-11,shipped
2153,117,2025-02-09,returned
2154,175,2025-05-14,completed
2155,326,2025-03-08,completed
2156,198,2025-04-04,completed
2157,101,2025-03-13,completed
2158,277,2025-05-01,completed
2159,328,2025-06-05,returned
2160,197,2025-06-02,completed
2161,205,2025-02-23,completed
2162,317,2025-03-16,completed
2163,270,2025-02-27,completed
2164,109,2025-05-22,completed
2165,38,2025-05-02,completed
2166,29,2025-05-06,completed
2167,359,2025-06-23,returned
2168,19,2025-04-22,returned
2169,225,2025-03-01,completed
2170,209,2025-01-26,shipped
2171,77,2025-01-27,placed
2172,136,2025-06-01,completed
2173,118,2025-01-27,shipped
2174,357,2025-02-20,completed
2175,196,2025-06-02,completed
2176,154,2025-04-24,returned
2177,257,2025-06-11,completed
2178,266,2025-06-21,returned
2179,74,2025-03-25,placed
2180,263,2025-01-31,placed
2181,154,2025-02-24,completed
2182,134,2025-05-16,completed
2183,281,2025-04-14,completed
2184,367,2025-03-01,completed
2185,266,2025-01-15,returned
2186,115,2025-02-14,returned
2187,37,2025-02-13,completed
2188,298,2025-04-07,shipped
2189,111,2025-02-12,shipped
2190,116,2025-06-12,placed
2191,275,2025-06-30,completed
2192,143,2025-01-08,completed
2193,216,2025-05-15,placed
2194,218,2025-03-19,returned
2195,195,2025-02-11,completed
2196,95,2025-03-29,shipped
2197,17,2025-03-12,completed
2198,163,2025-03-14,returned
2199,371,2025-06-05,completed
2200,12,2025-01-18,completed
2201,397,2025-01-19,returned
2202,226,2025-01-11,returned
2203,76,2025-05-30,completed
2204,84,2025-04-26,shipped
2205,38,2025-03-10,shipped
2206,380,2025-06-06,completed
2207,178,2025-01-05,completed
2208,176,2025-03-15,completed
2209,398,2025-05-11,completed
2210,77,2025-05-31,completed
2211,282,2025-05-15,completed
2212,88,2025-04-28,completed
2213,74,2025-03-22,completed
2214,104,2025-05-27,returned
2215,7,2025-02-13,completed
2216,58,2025-02-02,shipped
2217,354,2025-02-18,completed
2218,219,2025-04-10,shipped
2219,371,2025-01-06,placed
2220,305,2025-01-09,completed
2221,133,2025-05-29,completed
2222,239,2025-05-12,completed
2223,266,2025-02-25,completed
2224,322,2025-01-02,completed
2225,309,2025-04-17,returned
2226,361,2025-03-13,completed
2227,23,2025-05-12,completed
2228,68,2025-01-01,placed
2229,198,2025-04-20,placed
2230,6,2025-01-21,completed
2231,317,2025-05-09,returned
2232,372,2025-04-24,placed
2233,294,2025-03-11,completed
2234,296,2025-01-14,placed
2235,339,2025-05-26,completed
2236,339,2025-04-02,completed
2237,139,2025-05-29,returned
2238,59,2025-03-17,completed
2239,229,2025-02-03,completed
2240,394,2025-04-14,shipped
2241,15,2025-04-14,completed
2242,129,2025-05-17,placed
2243,32,2025-02-27,shipped
2244,257,2025-06-11,completed
2245,218,2025-01-07,completed
2246,125,2025-01-08,completed
2247,376,2025-05-23,completed
2248,165,2025-05-07,placed
2249,187,2025-02-04,completed
2250,127,2025-03-24,completed
2251,269,2025-05-28,completed
2252,276,2025-04-03,returned
2253,329,2025-03-18,placed
2254,26,2025-01-15,returned
2255,85,2025-02-14,completed
2256,144,2025-01-04,completed
2257,107,2025-02-27,placed
2258,398,2025-01-31,shipped
2259,186,2025-06-10,completed
2260,373,2025-04-06,completed
2261,348,2025-01-03,returned
2262,297,2025-02-23,returned
2263,370,2025-05-14,completed
2264,277,2025-06-07,completed
2265,228,2025-05-12,completed
2266,350,2025-04-09,completed
2267,297,2025-02-15,completed
2268,374,2025-01-07,placed
2269,326,2025-05-31,completed
2270,299,2025-03-01,shipped
2271,49,2025-02-19,completed
2272,8,2025-04-08,completed
2273,84,2025-03-19,completed
2274,292,2025-01-01,completed
2275,136,2025-01-22,shipped
2276,52,2025-05-05,returned
2277,170,2025-02-02,shipped
2278,235,2025-04-04,completed
2279,121,2025-03-03,completed
2280,254,2025-01-01,shipped
2281,217,2025-05-13,completed
2282,71,2025-06-18,completed
2283,78,2025-04-21,completed
2284,143,2025-03-28,returned
2285,119,2025-05-20,completed
2286,207,2025-01-30,completed
2287,114,2025-06-11,completed
2288,355,2025-05-05,completed
2289,33,2025-05-14,completed
2290,159,2025-02-13,shipped
2291,381,2025-06-08,placed
2292,342,2025-02-25,completed
2293,386,2025-01-22,completed
2294,112,2025-04-09,placed
2295,108,2025-02-12,returned
2296,96,2025-02-01,placed
2297,181,2025-02-06,completed
2298,156,2025-06-07,completed
2299,92,2025-05-06,completed
2300,212,2025-04-04,completed
2301,105,2025-02-07,completed
2302,346,2025-01-10,completed
2303,349,2025-04-20,completed
2304,291,2025-03-17,placed
2305,254,2025-03-31,completed
2306,174,2025-05-07,shipped
2307,267,2025-05-06,completed
2308,160,2025-05-08,completed
2309,379,2025-01-21,placed
2310,216,2025-04-11,completed
2311,26,2025-06-22,completed
2312,112,2025-06-23,returned
2313,131,2025-04-30,placed
2314,387,2025-01-13,completed
2315,101,2025-05-09,completed
2316,192,2025-01-19,completed
2317,124,2025-06-16,placed
2318,395,2025-01-14,completed
2319,157,2025-06-03,completed
2320,4,2025-01-24,shipped
2321,207,2025-03-14,completed
2322,265,2025-01-15,shipped
2323,372,2025-05-02,placed
2324,4,2025-04-15,shipped
2325,50,2025-06-08,completed
2326,240,2025-05-14,returned
2327,16,2025-03-23,completed
2328,317,2025-04-06,completed
2329,307,2025-04-27,shipped
2330,12,2025-06-01,shipped
2331,333,2025-04-15,completed
2332,231,2025-03-21,completed
2333,322,2025-04-11,placed
2334,1,2025-02-08,placed
2335,368,2025-03-06,completed
2336,169,2025-06-20,returned
2337,40,2025-03-12,completed
2338,305,2025-04-06,completed
2339,235,2025-03-29,completed
2340,292,2025-05-23,placed
2341,56,2025-04-19,shipped
2342,387,2025-01-12,shipped
2343,234,2025-06-09,returned
2344,376,2025-01-14,completed
2345,186,2025-06-04,shipped
2346,209,2025-05-19,returned
2347,237,2025-04-09,placed
2348,99,2025-01-19,shipped
2349,346,2025-03-17,completed
2350,251,2025-02-24,placed
2351,97,2025-02-08,placed
2352,205,2025-01-08,placed
2353,265,2025-04-07,placed
2354,138,2025-04-02,completed
2355,14,2025-04-19,shipped
2356,263,2025-03-14,completed
2357,396,2025-04-01,shipped
2358,257,2025-06-30,completed
2359,96,2025-06-12,placed
2360,173,2025-02-11,placed
2361,337,2025-02-15,returned
2362,349,2025-04-27,returned
2363,127,2025-01-13,returned
2364,263,2025-02-17,returned
2365,313,2025-06-13,shipped
2366,206,2025-03-01,shipped
2367,389,2025-05-17,returned
2368,210,2025-05-07,completed
2369,203,2025-02-11,returned
2370,130,2025-05-25,placed
2371,56,2025-03-28,returned
2372,126,2025-05-19,returned
2373,333,2025-03-12,completed
2374,72,2025-03-25,completed
2375,283,2025-04-26,completed
2376,121,2025-01-20,shipped
2377,331,2025-02-01,completed
2378,96,2025-03-08,returned
2379,280,2025-04-18,completed
2380,334,2025-06-21,completed
2381,298,2025-04-09,placed
2382,133,2025-02-08,completed
2383,106,2025-03-17,placed
2384,382,2025-02-01,returned
2385,89,2025-03-16,completed
2386,296,2025-05-31,completed
2387,335,2025-04-05,completed
2388,196,2025-02-18,placed
2389,224,2025-03-01,completed
2390,331,2025-04-23,shipped
2391,317,2025-01-26,shipped
2392,249,2025-02-24,completed
2393,76,2025-06-25,shipped
2394,252,2025-01-27,completed
2395,105,2025-04-21,completed
2396,67,2025-01-28,completed
2397,223,2025-02-28,completed
2398,257,2025-05-01,completed
2399,335,2025-04-01,returned
2400,96,2025-06-08,completed
2401,329,2025-01-19,completed
2402,6,2025-05-27,shipped
2403,21,2025-06-02,returned
2404,36,2025-05-08,completed
2405,146,2025-01-18,placed
2406,234,2025-03-26,completed
2407,51,2025-03-09,completed
2408,311,2025-05-26,shipped
2409,189,2025-06-28,shipped
2410,243,2025-02-03,completed
2411,195,2025-05-22,shipped
2412,165,2025-04-19,shipped
2413,253,2025-05-12,returned
2414,140,2025-02-28,completed
2415,374,2025-02-05,shipped
2416,274,2025-02-23,returned
2417,151,2025-03-29,returned
2418,27,2025-01-25,returned
2419,52,2025-01-03,shipped
2420,357,2025-06-11,completed
2421,234,2025-06-21,completed
2422,105,2025-02-15,shipped
2423,54,2025-01-09,completed
2424,176,2025-05-26,completed
2425,282,2025-06-14,shipped
2426,202,2025-04-02,shipped
2427,56,2025-05-16,placed
2428,337,2025-05-05,completed
2429,306,2025-01-21,returned
2430,67,2025-01-19,placed
2431,301,2025-04-05,placed
2432,339,2025-03-24,completed
2433,263,2025-01-29,shipped
2434,243,2025-04-11,shipped
2435,97,2025-04-24,completed
2436,258,2025-01-02,placed
2437,260,2025-04-16,completed
2438,218,2025-04-23,placed
2439,48,2025-01-20,completed
2440,23,2025-06-06,returned
2441,57,2025-05-15,completed
2442,141,2025-05-08,completed
2443,327,2025-02-26,placed
2444,249,2025-02-26,completed
2445,69,2025-02-27,returned
2446,236,2025-03-06,placed
2447,128,2025-03-11,completed
2448,385,2025-01-17,shipped
2449,382,2025-06-04,completed
2450,146,2025-03-24,shipped
2451,31,2025-04-16,completed
2452,259,2025-03-06,completed
2453,379,2025-05-27,completed
2454,227,2025-03-29,completed
2455,162,2025-03-07,completed
2456,366,2025-03-22,completed
2457,148,2025-05-09,completed
2458,187,2025-02-26,shipped
2459,312,2025-03-01,completed
2460,27,2025-01-12,placed
2461,194,2025-02-24,completed
2462,386,2025-01-23,completed
2463,159,2025-05-04,returned
2464,3,2025-06-15,completed
2465,176,2025-03-06,completed
2466,100,2025-01-15,completed
2467,218,2025-01-23,completed
2468,133,2025-02-27,returned
2469,23,2025-02-06,shipped
2470,29,2025-05-17,completed
2471,265,2025-01-07,completed
2472,150,2025-01-31,completed
2473,54,2025-05-27,placed
2474,186,2025-03-27,completed
2475,299,2025-05-14,returned
2476,31,2025-03-04,completed
2477,208,2025-01-13,placed
2478,345,2025-02-08,completed
2479,129,2025-05-13,completed
2480,160,2025-02-17,completed
2481,342,2025-01-06,shipped
2482,25,2025-03-13,completed
2483,12,2025-05-28,completed
2484,241,2025-06-17,completed
2485,265,2025-03-28,completed
2486,116,2025-03-14,shipped
2487,400,2025-06-07,returned
2488,333,2025-04-28,completed
2489,21,2025-01-28,completed
2490,231,2025-04-02,returned
2491,49,2025-06-14,placed
2492,1,2025-04-20,returned
2493,186,2025-01-18,returned
2494,153,2025-05-29,completed
2495,257,2025-01-31,placed
2496,147,2025-04-06,placed
2497,330,2025-06-09,returned
2498,257,2025-02-13,returned
2499,175,2025-03-21,completed
2500,178,2025-01-06,returned
2501,5,2025-01-27,completed
2502,121,2025-03-29,completed
2503,140,2025-06-10,completed
2504,115,2025-03-30,completed
2505,157,2025-04-27,completed
2506,399,2025-04-18,returned
2507,174,2025-05-20,placed
2508,324,2025-04-08,completed
2509,155,2025-01-27,completed
2510,78,2025-06-22,returned
2511,353,2025-05-30,completed
2512,202,2025-03-22,shipped
2513,15,2025-04-25,returned
2514,291,2025-06-23,shipped
2515,365,2025-04-30,returned
2516,334,2025-04-02,completed
2517,9,2025-01-09,completed
2518,183,2025-01-08,shipped
2519,101,2025-02-25,completed
2520,59,2025-01-28,completed
2521,328,2025-06-25,completed
2522,145,2025-03-19,shipped
2523,42,2025-03-08,shipped
2524,29,2025-06-03,completed
2525,104,2025-04-24,completed
2526,159,2025-04-08,shipped
2527,222,2025-03-28,shipped
2528,41,2025-01-25,placed
2529,320,2025-01-26,returned
2530,64,2025-02-13,completed
2531,244,2025-01-31,completed
2532,45,2025-03-21,completed
2533,336,2025-04-06,placed
2534,231,2025-05-11,returned
2535,49,2025-02-22,returned
2536,20,2025-03-11,shipped
2537,170,2025-01-19,completed
2538,286,2025-02-25,completed
2539,52,2025-03-24,shipped
2540,118,2025-03-31,placed
2541,71,2025-03-04,shipped
2542,280,2025-03-05,completed
2543,108,2025-02-20,returned
2544,37,2025-04-27,placed
2545,137,2025-05-10,returned
2546,3,2025-02-04,completed
2547,181,2025-05-16,completed
2548,208,2025-05-07,completed
2549,375,2025-04-01,returned
2550,158,2025-03-04,completed
2551,343,2025-01-23,completed
2552,384,2025-02-15,completed
2553,259,2025-01-03,shipped
2554,74,2025-06-02,placed
2555,259,2025-04-16,returned
2556,281,2025-02-16,placed
2557,257,2025-05-21,completed
2558,79,2025-03-27,placed
2559,122,2025-02-09,completed
2560,172,2025-02-03,completed
2561,162,2025-01-15,completed
2562,137,2025-05-31,completed
2563,306,2025-05-18,returned
2564,349,2025-04-02,returned
2565,353,2025-03-06,returned
2566,44,2025-04-01,completed
2567,310,2025-06-19,completed
2568,339,2025-06-21,placed
2569,362,2025-03-11,completed
2570,162,2025-02-20,completed
2571,328,2025-01-13,returned
2572,5,2025-05-11,shipped
2573,74,2025-03-08,returned
2574,396,2025-02-14,completed
2575,86,2025-04-23,completed
2576,155,2025-04-17,shipped
2577,261,2025-06-30,shipped
2578,235,2025-02-14,completed
2579,156,2025-04-13,shipped
2580,162,2025-01-12,completed
2581,84,2025-06-09,placed
2582,229,2025-02-13,completed
2583,242,2025-04-09,completed
2584,21,2025-05-29,returned
2585,127,2025-04-03,placed
2586,89,2025-05-27,shipped
2587,78,2025-04-14,returned
2588,162,2025-05-21,completed
2589,369,2025-06-04,shipped
2590,288,2025-02-17,completed
2591,368,2025-02-03,shipped
2592,150,2025-05-22,completed
2593,125,2025-04-23,completed
2594,233,2025-01-29,returned
2595,365,2025-06-25,shipped
2596,83,2025-06-27,placed
2597,262,2025-05-01,shipped
2598,68,2025-06-05,completed
2599,302,2025-06-16,completed
2600,65,2025-03-08,completed
2601,202,2025-04-26,completed
2602,267,2025-05-27,completed
2603,141,2025-03-02,completed
2604,57,2025-06-12,completed
2605,67,2025-05-27,shipped
2606,91,2025-04-11,completed
2607,174,2025-01-03,returned
2608,169,2025-06-12,completed
2609,238,2025-01-06,completed
2610,142,2025-01-20,placed
2611,49,2025-05-11,shipped
2612,297,2025-01-30,completed
2613,215,2025-03-07,returned
2614,399,2025-04-11,completed
2615,306,2025-05-22,completed
2616,29,2025-04-20,returned
2617,188,2025-03-12,returned
2618,2,2025-03-06,completed
2619,4,2025-04-16,completed
2620,61,2025-01-13,placed
2621,71,2025-03-21,placed
2622,255,2025-01-07,returned
2623,238,2025-06-11,placed
2624,109,2025-04-22,completed
2625,370,2025-06-10,completed
2626,218,2025-01-20,completed
2627,148,2025-01-14,shipped
2628,88,2025-03-18,completed
2629,229,2025-01-13,shipped
2630,155,2025-02-17,shipped
2631,18,2025-05-26,shipped
2632,200,2025-05-26,returned
2633,100,2025-02-26,completed
2634,145,2025-01-04,completed
2635,192,2025-05-18,completed
2636,194,2025-01-12,completed
2637,334,2025-03-10,returned
2638,60,2025-04-25,completed
2639,362,2025-06-06,completed
2640,218,2025-05-28,shipped
2641,25,2025-03-21,completed
2642,278,2025-01-11,completed
2643,95,2025-01-12,placed
2644,58,2025-04-18,completed
2645,302,2025-01-16,placed
2646,55,2025-02-06,completed
2647,86,2025-01-13,completed
2648,399,2025-03-19,completed
2649,347,2025-03-08,completed
2650,160,2025-06-30,placed
2651,60,2025-06-09,completed
2652,3,2025-02-12,shipped
2653,99,2025-03-30,placed
2654,182,2025-04-22,completed
2655,259,2025-02-06,placed
2656,101,2025-03-25,shipped
2657,298,2025-02-08,returned
2658,384,2025-03-13,shipped
2659,292,2025-05-31,completed
2660,208,2025-03-20,completed
2661,370,2025-05-08,completed
2662,37,2025-01-20,shipped
2663,58,2025-03-20,completed
2664,245,2025-02-26,completed
2665,211,2025-06-28,completed
2666,346,2025-04-23,completed
2667,351,2025-02-25,placed
2668,376,2025-02-26,returned
2669,168,2025-02-10,completed
2670,183,2025-02-10,completed
2671,232,2025-02-06,returned
2672,109,2025-01-06,shipped
2673,276,2025-06-15,placed
2674,1,2025-02-21,placed
2675,37,2025-05-31,completed
2676,106,2025-04-10,shipped
2677,94,2025-05-04,shipped
2678,109,2025-05-02,shipped
2679,217,2025-02-06,completed
2680,58,2025-03-17,placed
2681,92,2025-03-03,shipped
2682,17,2025-05-25,placed
2683,317,2025-03-20,shipped
2684,299,2025-06-03,returned
2685,150,2025-05-24,shipped
2686,141,2025-05-21,returned
2687,157,2025-02-20,shipped
2688,2,2025-06-29,completed
2689,263,2025-04-27,completed
2690,208,2025-04-05,completed
2691,59,2025-06-22,shipped
2692,47,2025-01-10,completed
2693,225,2025-01-27,completed
2694,36,2025-06-16,completed
2695,161,2025-06-12,returned
2696,178,2025-01-21,returned
2697,145,2025-02-04,shipped
2698,122,2025-05-21,shipped
2699,252,2025-06-02,completed
2700,148,2025-06-12,completed
2701,38,2025-02-09,completed
2702,88,2025-03-20,completed
2703,109,2025-05-03,shipped
2704,28,2025-03-04,completed
2705,110,2025-05-16,completed
2706,94,2025-02-27,completed
2707,92,2025-05-27,completed
2708,372,2025-03-10,shipped
2709,289,2025-06-20,completed
2710,35,2025-06-01,placed
2711,283,2025-01-05,shipped
2712,262,2025-06-28,placed
2713,9,2025-06-05,returned
2714,331,2025-06-17,completed
2715,188,2025-04-08,returned
2716,256,2025-01-28,completed
2717,6,2025-04-20,completed
2718,13,2025-03-01,completed
2719,49,2025-03-18,shipped
2720,227,2025-06-12,completed
2721,59,2025-03-10,returned
2722,23,2025-06-03,completed
2723,113,2025-02-04,placed
2724,90,2025-02-24,completed
2725,368,2025-05-01,completed
2726,21,2025-01-16,completed
2727,137,2025-05-22,completed
2728,255,2025-06-03,completed
2729,263,2025-06-05,shipped
2730,371,2025-03-31,returned
2731,238,2025-01-20,completed
2732,331,2025-02-06,completed
2733,107,2025-06-02,returned
2734,102,2025-04-15,placed
2735,297,2025-05-03,completed
2736,72,2025-05-30,completed
2737,225,2025-02-14,completed
2738,60,2025-05-05,completed
2739,232,2025-03-25,completed
2740,93,2025-01-04,shipped
2741,347,2025-03-04,placed
2742,334,2025-04-17,completed
2743,26,2025-01-23,completed
2744,56,2025-05-21,shipped
2745,295,2025-01-16,placed
2746,65,2025-01-08,completed
2747,126,2025-05-20,shipped
2748,46,2025-02-26,returned
2749,211,2025-05-05,shipped
2750,38,2025-03-30,completed
2751,336,2025-01-11,completed
2752,100,2025-04-29,completed
2753,19,2025-01-26,shipped
2754,391,2025-04-03,completed
2755,163,2025-01-10,completed
2756,376,2025-05-24,completed
2757,149,2025-06-22,completed
2758,72,2025-01-29,placed
2759,354,2025-04-29,shipped
2760,377,2025-06-20,shipped
2761,357,2025-01-03,returned
2762,262,2025-01-15,completed
2763,185,2025-06-29,completed
2764,37,2025-05-02,placed
2765,241,2025-04-27,returned
2766,371,2025-01-08,completed
2767,187,2025-05-26,placed
2768,207,2025-05-18,completed
2769,230,2025-05-24,completed
2770,241,2025-04-02,completed
2771,256,2025-04-03,returned
2772,303,2025-04-22,completed
2773,359,2025-04-22,completed
2774,358,2025-01-30,placed
2775,304,2025-02-14,shipped
2776,302,2025-04-19,returned
2777,26,2025-01-15,placed
2778,33,2025-05-13,returned
2779,198,2025-04-28,completed
2780,200,2025-04-08,shipped
2781,72,2025-02-05,completed
2782,307,2025-05-30,shipped
2783,323,2025-06-02,completed
2784,64,2025-02-15,placed
2785,31,2025-02-16,completed
2786,275,2025-06-13,completed
2787,348,2025-02-25,shipped
2788,310,2025-02-21,completed
2789,1,2025-05-23,completed
2790,374,2025-05-02,completed
2791,4,2025-01-05,shipped
2792,190,2025-05-30,shipped
2793,142,2025-06-13,shipped
2794,272,2025-02-07,completed
2795,281,2025-01-20,completed
2796,161,2025-01-31,returned
2797,134,2025-05-03,completed
2798,99,2025-01-09,shipped
2799,60,2025-01-09,shipped
2800,103,2025-06-02,completed
2801,174,2025-04-21,completed
2802,283,2025-04-01,returned
2803,147,2025-02-27,returned
2804,102,2025-06-14,returned
2805,126,2025-04-03,returned
2806,323,2025-05-26,completed
2807,140,2025-05-26,completed
2808,290,2025-03-11,completed
2809,8,2025-06-03,completed
2810,127,2025-02-18,completed
2811,350,2025-01-06,shipped
2812,191,2025-02-09,placed
2813,385,2025-06-16,completed
2814,363,2025-05-08,placed
2815,20,2025-05-15,returned
2816,311,2025-04-17,returned
2817,9,2025-03-16,completed
2818,47,2025-05-15,shipped
2819,301,2025-05-07,completed
2820,302,2025-03-25,completed
2821,24,2025-05-07,shipped
2822,78,2025-01-26,completed
2823,135,2025-05-24,returned
2824,147,2025-02-03,shipped
2825,224,2025-05-28,placed
2826,241,2025-03-12,completed
2827,30,2025-03-30,shipped
2828,118,2025-01-31,completed
2829,42,2025-05-28,returned
2830,27,2025-06-19,returned
2831,137,2025-04-01,completed
2832,299,2025-03-29,completed
2833,22,2025-02-26,placed
2834,74,2025-03-11,completed
2835,138,2025-01-15,shipped
2836,188,2025-05-15,shipped
2837,90,2025-05-27,shipped
2838,107,2025-05-12,completed
2839,46,2025-04-21,completed
2840,44,2025-06-13,completed
2841,236,2025-04-03,returned
2842,12,2025-06-21,completed
2843,317,2025-05-29,shipped
2844,85,2025-05-20,completed
2845,279,2025-03-31,returned
2846,201,2025-03-17,completed
2847,181,2025-03-22,placed
2848,35,2025-03-16,placed
2849,323,2025-01-06,shipped
2850,53,2025-02-16,shipped
2851,325,2025-01-30,returned
2852,346,2025-05-04,completed
2853,31,2025-01-09,placed
2854,265,2025-06-07,completed
2855,2,2025-04-01,returned
2856,221,2025-06-06,placed
2857,379,2025-04-13,placed
2858,44,2025-04-14,placed
2859,399,2025-06-04,completed
2860,369,2025-02-27,completed
2861,199,2025-03-14,placed
2862,39,2025-03-01,completed
2863,74,2025-02-14,completed
2864,251,2025-03-30,completed
2865,135,2025-05-20,completed
2866,309,2025-04-16,returned
2867,106,2025-03-03,completed
2868,233,2025-06-30,completed
2869,266,2025-05-04,completed
2870,110,2025-05-09,completed
2871,192,2025-03-06,completed
2872,298,2025-02-19,placed
2873,382,2025-05-03,completed
2874,74,2025-02-25,returned
2875,71,2025-04-03,completed
2876,248,2025-01-09,shipped
2877,222,2025-04-27,completed
2878,303,2025-05-14,shipped
2879,122,2025-03-28,completed
2880,23,2025-06-25,completed
2881,183,2025-04-09,shipped
2882,318,2025-06-05,completed
2883,323,2025-05-14,returned
2884,124,2025-06-17,completed
2885,54,2025-01-07,completed
2886,26,2025-06-24,completed
2887,232,2025-02-01,placed
2888,5,2025-02-10,shipped
2889,171,2025-06-18,returned
2890,112,2025-03-11,completed
2891,300,2025-02-16,completed
2892,393,2025-05-26,completed
2893,155,2025-01-28,shipped
2894,39,2025-03-04,shipped
2895,119,2025-06-25,returned
2896,81,2025-05-10,completed
2897,222,2025-04-01,shipped
2898,64,2025-03-22,returned
2899,98,2025-05-18,completed
2900,338,2025-04-08,completed
2901,132,2025-04-01,completed
2902,108,2025-03-05,completed
2903,113,2025-01-15,completed
2904,266,2025-03-01,placed
2905,71,2025-05-26,shipped
2906,228,2025-06-20,completed
2907,332,2025-04-05,completed
2908,66,2025-01-24,placed
2909,168,2025-02-11,returned
2910,227,2025-06-06,completed
2911,378,2025-03-10,shipped
2912,254,2025-06-18,completed
2913,6,2025-04-05,completed
2914,236,2025-06-17,returned
2915,273,2025-05-21,completed
2916,179,2025-02-21,placed
2917,238,2025-02-08,shipped
2918,293,2025-03-17,shipped
2919,311,2025-02-24,completed
2920,59,2025-06-12,returned
2921,273,2025-03-07,returned
2922,128,2025-05-10,completed
2923,281,2025-06-02,completed
2924,6,2025-03-02,completed
2925,89,2025-02-04,completed
2926,362,2025-01-15,completed
2927,149,2025-01-19,completed
2928,182,2025-04-26,completed
2929,208,2025-02-02,placed
2930,28,2025-05-20,returned
2931,23,2025-05-14,completed
2932,399,2025-02-26,completed
2933,399,2025-01-26,completed
2934,224,2025-01-03,completed
2935,214,2025-02-25,returned
2936,350,2025-06-10,shipped
2937,168,2025-03-13,placed
2938,197,2025-04-14,completed
2939,327,2025-03-28,placed
2940,286,2025-05-06,completed
2941,382,2025-01-29,completed
2942,154,2025-06-30,shipped
2943,299,2025-05-20,shipped
2944,272,2025-06-18,returned
2945,279,2025-01-28,completed
2946,23,2025-06-14,shipped
2947,172,2025-03-12,completed
2948,20,2025-05-12,completed
2949,197,2025-05-05,completed
2950,83,2025-05-14,placed
2951,347,2025-02-12,placed
2952,335,2025-04-27,placed
2953,149,2025-05-24,placed
2954,378,2025-06-25,completed
2955,149,2025-04-13,completed
2956,369,2025-05-27,shipped
2957,173,2025-06-12,completed
2958,27,2025-02-05,completed
2959,178,2025-06-21,placed
2960,300,2025-02-28,returned
2961,272,2025-04-14,shipped
2962,261,2025-05-29,shipped
2963,101,2025-05-10,completed
2964,8,2025-04-29,returned
2965,74,2025-03-19,shipped
2966,17,2025-01-29,placed
2967,317,2025-03-19,completed
2968,257,2025-05-17,completed
2969,388,2025-05-14,completed
2970,261,2025-01-29,returned
2971,201,2025-02-20,placed
2972,53,2025-03-09,completed
2973,301,2025-06-29,returned
2974,13,2025-06-24,returned
2975,1,2025-04-17,completed
2976,32,2025-03-22,completed
2977,1,2025-06-02,returned
2978,335,2025-05-27,completed
2979,386,2025-03-02,completed
2980,127,2025-05-17,shipped
2981,223,2025-03-06,completed
2982,193,2025-05-31,completed
2983,92,2025-03-05,shipped
2984,62,2025-01-10,shipped
2985,378,2025-03-09,placed
2986,50,2025-06-24,shipped
2987,73,2025-01-05,completed
2988,11,2025-04-28,placed
2989,128,2025-03-31,completed
2990,274,2025-01-30,completed
2991,173,2025-02-23,completed
2992,377,2025-01-01,completed
2993,41,2025-06-08,completed
2994,188,2025-02-02,placed
2995,384,2025-03-08,completed
2996,327,2025-01-31,completed
2997,142,2025-04-15,placed
2998,103,2025-01-28,shipped
2999,27,2025-01-04,shipped
3000,253,2025-02-21,completed
3001,37,2025-01-24,returned
3002,115,2025-06-25,returned
3003,350,2025-05-27,completed
3004,177,2025-05-17,completed
3005,45,2025-06-17,returned
3006,229,2025-01-10,shipped
3007,27,2025-03-10,completed
3008,12,2025-02-20,placed
3009,177,2025-02-26,completed
3010,236,2025-02-03,returned
3011,354,2025-02-21,completed
3012,160,2025-03-16,completed
3013,363,2025-05-24,returned
3014,359,2025-05-08,shipped
3015,74,2025-02-19,completed
3016,30,2025-02-17,completed
3017,20,2025-06-22,placed
3018,121,2025-02-07,shipped
3019,329,2025-03-12,returned
3020,349,2025-01-29,completed
3021,153,2025-04-18,completed
3022,353,2025-03-25,completed
3023,119,2025-05-24,placed
3024,332,2025-05-18,shipped
3025,326,2025-04-11,completed
3026,376,2025-06-06,completed
3027,312,2025-01-23,placed
3028,127,2025-03-17,completed
3029,21,2025-04-04,completed
3030,278,2025-02-08,placed
3031,142,2025-06-27,shipped
3032,58,2025-02-18,completed
3033,305,2025-02-16,completed
3034,356,2025-03-17,returned
3035,72,2025-01-05,returned
3036,247,2025-01-17,completed
3037,317,2025-03-19,completed
3038,116,2025-06-20,completed
3039,208,2025-04-24,returned
3040,342,2025-05-18,returned
3041,354,2025-02-21,completed
3042,130,2025-02-10,completed
3043,266,2025-03-23,completed
3044,333,2025-03-27,returned
3045,75,2025-05-24,completed
3046,58,2025-01-14,placed
3047,202,2025-02-27,placed
3048,338,2025-03-26,completed
3049,354,2025-06-01,placed
3050,257,2025-02-13,placed
3051,16,2025-05-25,returned
3052,184,2025-06-05,completed
3053,95,2025-04-16,returned
3054,387,2025-06-26,returned
3055,93,2025-06-06,returned
3056,167,2025-06-16,returned
3057,65,2025-06-24,returned
3058,168,2025-01-29,completed
3059,301,2025-04-13,completed
3060,192,2025-02-10,placed
3061,167,2025-05-04,completed
3062,149,2025-02-10,completed
3063,219,2025-03-01,completed
3064,376,2025-05-20,placed
3065,336,2025-01-16,returned
3066,347,2025-01-25,completed
3067,30,2025-05-29,shipped
3068,317,2025-04-08,completed
3069,234,2025-02-24,returned
3070,237,2025-01-02,placed
3071,363,2025-03-17,returned
3072,194,2025-02-01,placed
3073,263,2025-02-05,returned
3074,42,2025-05-02,completed
3075,46,2025-01-13,completed
3076,378,2025-05-27,shipped
3077,179,2025-05-25,completed
3078,158,2025-01-25,shipped
3079,180,2025-06-06,completed
3080,281,2025-06-25,completed
3081,153,2025-02-28,placed
3082,46,2025-04-24,placed
3083,358,2025-02-07,returned
3084,327,2025-05-24,completed
3085,50,2025-01-16,placed
3086,174,2025-03-14,completed
3087,312,2025-01-29,shipped
3088,78,2025-04-02,completed
3089,77,2025-01-12,completed
3090,226,2025-03-22,placed
3091,160,2025-03-15,completed
3092,150,2025-03-03,shipped
3093,301,2025-04-18,shipped
3094,320,2025-01-16,completed
3095,158,2025-06-02,returned
3096,303,2025-06-27,completed
3097,212,2025-02-05,placed
3098,372,2025-03-23,placed
3099,103,2025-02-14,returned
3100,373,2025-03-07,completed
3101,99,2025-04-02,completed
3102,88,2025-04-10,returned
3103,242,2025-03-30,completed
3104,397,2025-02-17,completed
3105,291,2025-04-27,shipped
3106,236,2025-02-02,completed
3107,29,2025-04-09,completed
3108,222,2025-02-13,shipped
3109,56,2025-03-08,placed
3110,3,2025-02-27,shipped
3111,389,2025-01-25,placed
3112,275,2025-01-17,completed
3113,343,2025-06-22,shipped
3114,210,2025-04-15,completed
3115,145,2025-02-11,completed
3116,198,2025-06-18,returned
3117,263,2025-06-25,placed
3118,368,2025-05-14,shipped
3119,201,2025-03-09,placed
3120,368,2025-05-12,completed
3121,25,2025-03-23,completed
3122,332,2025-05-15,completed
3123,115,2025-04-27,shipped
3124,80,2025-03-02,placed
3125,149,2025-04-04,completed
3126,157,2025-01-10,placed
3127,17,2025-06-25,completed
3128,359,2025-06-10,shipped
3129,359,2025-05-13,completed
3130,138,2025-04-02,completed
3131,189,2025-01-01,placed
3132,108,2025-03-11,placed
3133,55,2025-06-02,completed
3134,210,2025-02-13,completed
3135,305,2025-01-12,placed
3136,160,2025-01-28,completed
3137,298,2025-04-06,shipped
3138,253,2025-04-22,returned
3139,64,2025-03-18,shipped
3140,246,2025-05-05,shipped
3141,394,2025-06-09,completed
3142,215,2025-05-11,completed
3143,343,2025-05-23,placed
3144,350,2025-06-04,shipped
3145,200,2025-06-05,returned
3146,308,2025-01-28,completed
3147,355,2025-05-18,shipped
3148,181,2025-06-28,shipped
3149,378,2025-04-06,completed
3150,172,2025-04-14,completed
3151,37,2025-06-04,completed
3152,5,2025-04-08,returned
3153,73,2025-05-02,returned
3154,74,2025-06-09,completed
3155,392,2025-01-06,completed
3156,200,2025-04-28,completed
3157,287,2025-03-02,completed
3158,242,2025-06-10,completed
3159,204,2025-05-09,completed
3160,52,2025-02-04,completed
3161,332,2025-06-26,completed
3162,294,2025-03-01,completed
3163,385,2025-03-06,placed
3164,339,2025-02-25,returned
3165,168,2025-06-01,completed
3166,175,2025-04-11,placed
3167,274,2025-03-31,shipped
3168,192,2025-05-13,completed
3169,306,2025-04-12,shipped
3170,6,2025-03-28,returned
3171,359,2025-03-02,completed
3172,367,2025-05-15,completed
3173,363,2025-02-27,shipped
3174,208,2025-03-14,shipped
3175,17,2025-06-10,completed
3176,387,2025-01-01,completed
3177,225,2025-05-05,shipped
3178,340,2025-02-07,placed
3179,342,2025-06-19,placed
3180,69,2025-03-27,completed
3181,281,2025-06-21,completed
3182,20,2025-03-07,returned
3183,103,2025-02-03,completed
3184,271,2025-05-01,returned
3185,165,2025-02-21,completed
3186,342,2025-04-01,completed
3187,58,2025-03-22,completed
3188,243,2025-02-03,placed
3189,359,2025-06-09,returned
3190,366,2025-01-03,shipped
3191,352,2025-03-06,shipped
3192,326,2025-01-11,returned
3193,212,2025-06-08,returned
3194,400,2025-05-28,placed
3195,89,2025-02-17,completed
3196,381,2025-05-31,returned
3197,16,2025-03-30,completed
3198,285,2025-03-16,completed
3199,272,2025-06-02,completed
3200,249,2025-06-07,shipped
3201,23,2025-04-01,completed
3202,318,2025-03-24,completed
3203,288,2025-01-17,placed
3204,379,2025-04-15,completed
3205,305,2025-06-29,completed
3206,237,2025-02-05,returned
3207,234,2025-04-27,shipped
3208,229,2025-03-17,shipped
3209,325,2025-06-22,completed
3210,17,2025-01-26,placed
3211,226,2025-05-12,completed
3212,272,2025-06-12,completed
3213,60,2025-01-11,completed
3214,79,2025-04-03,shipped
3215,386,2025-03-25,completed
3216,225,2025-02-10,completed
3217,400,2025-01-31,completed
3218,294,2025-01-22,returned
3219,180,2025-04-02,completed
3220,180,2025-01-20,shipped
3221,307,2025-03-19,completed
3222,105,2025-06-24,completed
3223,339,2025-05-13,placed
3224,20,2025-05-13,shipped
3225,199,2025-06-10,completed
3226,7,2025-05-11,completed
3227,27,2025-02-19,returned
3228,328,2025-01-08,returned
3229,42,2025-03-22,shipped
3230,28,2025-01-21,completed
3231,24,2025-05-03,placed
3232,395,2025-02-12,completed
3233,77,2025-05-20,completed
3234,27,2025-01-31,completed
3235,188,2025-06-21,completed
3236,381,2025-04-05,completed
3237,207,2025-04-25,placed
3238,26,2025-06-15,completed
3239,127,2025-03-21,placed
3240,338,2025-06-17,completed
3241,93,2025-04-20,placed
3242,3,2025-04-03,completed
3243,236,2025-06-04,completed
3244,188,2025-04-23,completed
3245,115,2025-02-03,completed
3246,50,2025-04-19,returned
3247,345,2025-05-22,completed
3248,372,2025-04-30,returned
3249,205,2025-04-02,completed
3250,13,2025-04-27,completed
3251,203,2025-05-09,completed
3252,92,2025-04-02,completed
3253,344,2025-03-14,returned
3254,135,2025-04-25,shipped
3255,319,2025-04-17,shipped
3256,130,2025-03-31,returned
3257,306,2025-01-14,completed
3258,26,2025-06-06,completed
3259,103,2025-05-14,completed
3260,140,2025-04-17,completed
3261,311,2025-01-03,shipped
3262,87,2025-03-25,completed
3263,59,2025-04-03,completed
3264,46,2025-05-19,completed
3265,24,2025-04-16,shipped
3266,174,2025-02-28,returned
3267,318,2025-06-26,completed
3268,294,2025-04-26,completed
3269,297,2025-06-15,returned
3270,245,2025-05-16,completed
3271,87,2025-04-03,placed
3272,166,2025-05-30,placed
3273,203,2025-06-10,placed
3274,168,2025-02-05,shipped
3275,349,2025-04-29,shipped
3276,21,2025-05-11,returned
3277,289,2025-04-23,completed
3278,307,2025-03-04,completed
3279,357,2025-03-12,completed
3280,320,2025-04-05,completed
3281,105,2025-04-07,completed
3282,361,2025-02-10,completed
3283,381,2025-02-06,shipped
3284,345,2025-05-20,returned
3285,92,2025-02-19,completed
3286,176,2025-03-15,placed
3287,175,2025-03-19,shipped
3288,163,2025-06-04,completed
3289,57,2025-05-06,placed
3290,26,2025-05-27,completed
3291,336,2025-01-03,completed
3292,391,2025-03-17,completed
3293,230,2025-04-01,completed
3294,55,2025-04-17,completed
3295,273,2025-03-19,completed
3296,398,2025-03-01,completed
3297,191,2025-03-07,completed
3298,293,2025-03-31,completed
3299,304,2025-01-15,shipped
3300,374,2025-06-23,completed
3301,341,2025-06-09,completed
3302,290,2025-06-18,completed
3303,188,2025-06-30,returned
3304,49,2025-03-30,shipped
3305,21,2025-05-13,completed
3306,316,2025-01-27,shipped
3307,126,2025-03-03,completed
3308,153,2025-03-01,placed
3309,122,2025-02-12,completed
3310,128,2025-05-23,shipped
3311,339,2025-02-26,placed
3312,52,2025-06-23,shipped
3313,385,2025-03-30,placed
3314,133,2025-01-24,completed
3315,46,2025-02-18,completed
3316,50,2025-01-24,completed
3317,10,2025-03-24,completed
3318,259,2025-05-19,completed
3319,190,2025-05-26,completed
3320,201,2025-01-17,completed
3321,271,2025-03-08,completed
3322,193,2025-01-27,completed
3323,267,2025-06-01,completed
3324,183,2025-04-01,shipped
3325,234,2025-06-07,shipped
3326,76,2025-06-13,completed
3327,223,2025-06-24,shipped
3328,83,2025-06-23,completed
3329,164,2025-03-22,completed
3330,80,2025-02-10,completed
3331,104,2025-05-15,completed
3332,345,2025-02-02,completed
3333,300,2025-03-16,returned
3334,247,2025-04-24,returned
3335,189,2025-03-29,returned
3336,178,2025-03-23,completed
3337,95,2025-01-13,placed
3338,96,2025-06-04,placed
3339,343,2025-05-20,returned
3340,11,2025-06-24,completed
3341,202,2025-05-21,shipped
3342,127,2025-02-18,placed
3343,57,2025-05-09,completed
3344,340,2025-06-23,returned
3345,147,2025-04-19,completed
3346,51,2025-01-05,completed
3347,397,2025-04-24,completed
3348,22,2025-01-30,placed
3349,255,2025-05-07,placed
3350,125,2025-06-30,returned
3351,118,2025-02-22,completed
3352,292,2025-02-24,returned
3353,341,2025-05-28,shipped
3354,324,2025-04-07,returned
3355,280,2025-02-04,completed
3356,295,2025-02-07,placed
3357,304,2025-04-05,placed
3358,205,2025-04-23,completed
3359,373,2025-06-28,completed
3360,165,2025-05-23,completed
3361,31,2025-02-10,shipped
3362,301,2025-02-11,shipped
3363,246,2025-02-23,placed
3364,349,2025-05-29,returned
3365,231,2025-03-01,returned
3366,109,2025-03-30,completed
3367,141,2025-01-04,completed
3368,128,2025-06-09,shipped
3369,318,2025-05-19,returned
3370,249,2025-05-08,placed
3371,209,2025-01-27,completed
3372,384,2025-05-04,completed
3373,176,2025-06-10,completed
3374,237,2025-02-07,shipped
3375,85,2025-05-15,completed
3376,280,2025-04-02,completed
3377,191,2025-02-08,returned
3378,313,2025-01-12,shipped
3379,96,2025-04-02,returned
3380,253,2025-02-19,completed
3381,217,2025-03-31,returned
3382,187,2025-03-29,completed
3383,209,2025-01-20,completed
3384,396,2025-05-25,returned
3385,53,2025-02-15,shipped
3386,112,2025-05-28,shipped
3387,115,2025-06-24,completed
3388,60,2025-05-16,completed
3389,113,2025-05-13,completed
3390,223,2025-01-24,completed
3391,103,2025-03-14,completed
3392,257,2025-03-09,completed
3393,168,2025-04-26,completed
3394,124,2025-02-19,placed
3395,321,2025-06-20,completed
3396,10,2025-02-12,completed
3397,359,2025-05-20,completed
3398,120,2025-05-15,placed
3399,348,2025-01-29,completed
3400,97,2025-05-21,placed
3401,14,2025-02-12,placed
3402,250,2025-05-30,shipped
3403,66,2025-04-08,returned
3404,195,2025-02-13,completed
3405,123,2025-03-21,placed
3406,345,2025-05-28,shipped
3407,75,2025-06-06,completed
3408,157,2025-05-17,returned
3409,279,2025-05-02,shipped
3410,366,2025-01-01,completed
3411,193,2025-05-22,completed
3412,394,2025-01-24,shipped
3413,352,2025-03-07,completed
3414,362,2025-01-28,completed
3415,282,2025-02-10,placed
3416,242,2025-04-14,returned
3417,62,2025-03-29,completed
3418,183,2025-01-31,completed
3419,213,2025-04-12,completed
3420,332,2025-06-15,placed
3421,226,2025-04-07,returned
3422,345,2025-04-05,completed
3423,42,2025-03-13,completed
3424,338,2025-02-06,completed
3425,323,2025-05-06,shipped
3426,139,2025-04-14,shipped
3427,122,2025-03-15,returned
3428,162,2025-01-25,placed
3429,32,2025-04-02,returned
3430,326,2025-06-22,completed
3431,62,2025-04-20,placed
3432,108,2025-04-04,completed
3433,226,2025-03-25,placed
3434,253,2025-06-11,placed
3435,35,2025-04-11,placed
3436,172,2025-03-18,completed
3437,50,2025-01-17,completed
3438,80,2025-05-23,completed
3439,295,2025-06-27,completed
3440,304,2025-02-16,completed
3441,398,2025-06-15,completed
3442,236,2025-03-26,completed
3443,256,2025-01-31,returned
3444,332,2025-04-11,shipped
3445,296,2025-06-09,completed
3446,110,2025-01-20,completed
3447,282,2025-01-03,shipped
3448,386,2025-05-19,shipped
3449,96,2025-01-03,completed
3450,42,2025-01-11,returned
3451,292,2025-05-11,shipped
3452,284,2025-04-07,shipped
3453,366,2025-02-12,completed
3454,309,2025-03-22,completed
3455,140,2025-05-30,completed
3456,55,2025-05-23,placed
3457,328,2025-01-17,completed
3458,334,2025-02-24,completed
3459,157,2025-06-26,placed
3460,178,2025-04-06,returned
3461,68,2025-01-16,completed
3462,33,2025-03-17,placed
3463,129,2025-02-02,completed
3464,82,2025-05-24,completed
3465,188,2025-06-19,completed
3466,373,2025-02-28,completed
3467,190,2025-05-20,shipped
3468,307,2025-06-01,shipped
3469,18,2025-01-02,completed
3470,63,2025-06-03,completed
3471,339,2025-04-15,completed
3472,195,2025-04-13,completed
3473,21,2025-06-06,returned
3474,306,2025-03-04,placed
3475,49,2025-06-23,completed
3476,4,2025-02-21,returned
3477,349,2025-05-11,completed
3478,391,2025-02-21,completed
3479,256,2025-05-27,placed
3480,119,2025-01-29,returned
3481,206,2025-03-30,completed
3482,184,2025-01-15,placed
3483,356,2025-01-14,placed
3484,239,2025-03-15,returned
3485,69,2025-04-01,completed
3486,205,2025-03-03,completed
3487,206,2025-06-26,returned
3488,307,2025-05-03,placed
3489,144,2025-06-10,completed
3490,381,2025-02-10,completed
3491,132,2025-06-26,returned
3492,311,2025-06-27,returned
3493,296,2025-02-18,returned
3494,13,2025-06-26,completed
3495,63,2025-06-13,placed
3496,398,2025-02-08,placed
3497,225,2025-05-27,completed
3498,82,2025-06-11,placed
3499,255,2025-04-10,shipped
3500,319,2025-01-02,shipped
3501,210,2025-01-18,completed
3502,379,2025-04-21,completed
3503,363,2025-02-16,placed
3504,58,2025-06-02,placed
3505,176,2025-04-14,placed
3506,281,2025-04-16,returned
3507,283,2025-05-27,shipped
3508,20,2025-01-12,completed
3509,65,2025-02-13,returned
3510,243,2025-04-02,completed
3511,258,2025-03-05,returned
3512,378,2025-06-05,returned
3513,60,2025-06-20,completed
3514,58,2025-01-12,completed
3515,106,2025-05-31,returned
3516,371,2025-03-03,completed
3517,388,2025-05-22,completed
3518,283,2025-01-22,completed
3519,317,2025-02-07,completed
3520,53,2025-06-19,completed
3521,208,2025-05-25,returned
3522,166,2025-06-03,completed
3523,365,2025-05-26,completed
3524,334,2025-03-14,returned
3525,27,2025-04-17,returned
3526,16,2025-06-12,completed
3527,53,2025-05-01,completed
3528,58,2025-06-05,completed
3529,131,2025-06-22,returned
3530,378,2025-01-12,completed
3531,227,2025-06-07,placed
3532,107,2025-02-21,completed
3533,23,2025-05-06,shipped
3534,398,2025-01-24,completed
3535,326,2025-04-11,shipped
3536,14,2025-01-18,completed
3537,250,2025-06-16,placed
3538,136,2025-02-19,shipped
3539,209,2025-01-22,returned
3540,156,2025-01-29,returned
3541,271,2025-03-31,completed
3542,124,2025-05-22,shipped
3543,121,2025-06-06,completed
3544,318,2025-02-19,placed
3545,123,2025-05-30,placed
3546,176,2025-01-04,placed
3547,66,2025-01-13,shipped
3548,251,2025-02-15,completed
3549,114,2025-02-20,returned
3550,349,2025-02-15,completed
3551,377,2025-06-09,shipped
3552,176,2025-01-04,returned
3553,48,2025-05-19,completed
3554,9,2025-05-09,placed
3555,159,2025-02-28,returned
3556,144,2025-02-17,completed
3557,394,2025-03-23,completed
3558,20,2025-02-01,completed
3559,376,2025-05-09,shipped
3560,169,2025-04-17,completed
3561,272,2025-05-02,shipped
3562,35,2025-03-26,returned
3563,198,2025-06-07,completed
3564,101,2025-04-27,completed
3565,200,2025-03-14,completed
3566,320,2025-02-13,shipped
3567,204,2025-06-17,completed
3568,379,2025-05-02,completed
3569,138,2025-01-05,completed
3570,43,2025-01-20,placed
3571,86,2025-03-06,completed
3572,132,2025-02-14,returned
3573,152,2025-02-21,placed
3574,372,2025-02-18,completed
3575,270,2025-06-21,completed
3576,106,2025-01-16,shipped
3577,248,2025-05-05,returned
3578,301,2025-03-10,shipped
3579,389,2025-01-11,completed
3580,307,2025-03-16,returned
3581,277,2025-03-17,returned
3582,189,2025-04-25,shipped
3583,44,2025-01-24,placed
3584,305,2025-03-20,shipped
3585,203,2025-04-13,shipped
3586,202,2025-01-21,shipped
3587,103,2025-03-17,returned
3588,358,2025-03-16,placed
3589,131,2025-06-26,returned
3590,377,2025-05-20,shipped
3591,336,2025-03-25,completed
3592,208,2025-02-22,completed
3593,292,2025-05-17,returned
3594,294,2025-01-07,placed
3595,339,2025-01-12,completed
3596,356,2025-06-11,placed
3597,135,2025-02-12,shipped
3598,307,2025-02-13,completed
3599,301,2025-05-10,completed
3600,275,2025-01-05,completed
3601,298,2025-04-30,completed
3602,373,2025-02-04,shipped
3603,382,2025-02-13,shipped
3604,193,2025-03-13,completed
3605,183,2025-01-19,completed
3606,375,2025-06-22,completed
3607,29,2025-02-14,completed
3608,88,2025-06-25,completed
3609,214,2025-04-15,returned
3610,247,2025-03-06,placed
3611,264,2025-02-25,shipped
3612,263,2025-01-12,completed
3613,150,2025-05-08,completed
3614,178,2025-04-08,completed
3615,344,2025-01-25,shipped
3616,229,2025-05-30,shipped
3617,155,2025-04-09,completed
3618,330,2025-06-13,returned
3619,355,2025-04-13,returned
3620,103,2025-03-11,completed
3621,8,2025-03-16,completed
3622,323,2025-06-14,completed
3623,96,2025-05-07,placed
3624,70,2025-05-11,placed
3625,60,2025-03-18,shipped
3626,21,2025-03-15,completed
3627,164,2025-01-10,completed
3628,29,2025-01-25,completed
3629,175,2025-05-03,completed
3630,397,2025-02-23,completed
3631,185,2025-03-04,completed
3632,70,2025-03-11,returned
3633,345,2025-02-14,completed
3634,63,2025-03-27,completed
3635,306,2025-06-18,shipped
3636,199,2025-01-08,shipped
3637,396,2025-03-29,completed
3638,292,2025-06-30,completed
3639,179,2025-06-24,completed
3640,85,2025-01-19,completed
3641,361,2025-02-20,completed
3642,215,2025-02-15,returned
3643,309,2025-02-28,completed
3644,28,2025-01-25,placed
3645,23,2025-01-12,shipped
3646,106,2025-03-04,shipped
3647,272,2025-04-21,placed
3648,100,2025-04-28,completed
3649,266,2025-02-08,placed
3650,152,2025-05-09,placed
3651,254,2025-02-09,completed
3652,128,2025-03-08,placed
3653,23,2025-02-16,completed
3654,346,2025-05-29,shipped
3655,270,2025-06-23,completed
3656,37,2025-02-26,returned
3657,364,2025-01-10,completed
3658,238,2025-05-20,completed
3659,368,2025-05-30,completed
3660,172,2025-02-14,completed
3661,9,2025-02-16,placed
3662,330,2025-03-21,shipped
3663,114,2025-01-05,completed
3664,16,2025-06-15,completed
3665,173,2025-03-22,completed
3666,141,2025-04-21,completed
3667,132,2025-05-20,completed
3668,373,2025-04-18,completed
3669,241,2025-03-11,returned
3670,254,2025-05-27,returned
3671,203,2025-01-22,completed
3672,238,2025-04-24,completed
3673,234,2025-02-06,placed
3674,292,2025-06-29,completed
3675,104,2025-01-27,completed
3676,143,2025-04-26,completed
3677,311,2025-02-17,completed
3678,316,2025-01-07,shipped
3679,325,2025-03-14,completed
3680,1,2025-01-31,shipped
3681,304,2025-06-06,shipped
3682,105,2025-02-16,placed
3683,392,2025-03-03,shipped
3684,292,2025-05-25,placed
3685,29,2025-03-29,completed
3686,22,2025-03-03,returned
3687,62,2025-06-05,completed
3688,376,2025-03-25,shipped
3689,1,2025-01-29,completed
3690,100,2025-05-15,shipped
3691,115,2025-02-24,completed
3692,44,2025-01-09,returned
3693,360,2025-01-20,shipped
3694,288,2025-06-29,placed
3695,234,2025-04-25,shipped
3696,289,2025-02-22,completed
3697,65,2025-02-15,shipped
3698,226,2025-02-05,completed
3699,61,2025-02-03,placed
3700,230,2025-05-05,placed
3701,75,2025-02-03,placed
3702,381,2025-05-04,completed
3703,70,2025-06-17,returned
3704,270,2025-01-11,returned
3705,46,2025-02-02,returned
3706,361,2025-04-25,completed
3707,16,2025-05-19,placed
3708,327,2025-03-06,completed
3709,1,2025-06-09,completed
3710,205,2025-02-13,completed
3711,238,2025-03-01,completed
3712,10,2025-03-15,placed
3713,21,2025-01-08,completed
3714,292,2025-01-21,shipped
3715,357,2025-06-15,shipped
3716,61,2025-05-09,placed
3717,345,2025-01-05,returned
3718,45,2025-06-25,completed
3719,129,2025-02-24,shipped
3720,119,2025-02-10,completed
3721,170,2025-05-13,returned
3722,385,2025-02-20,completed
3723,132,2025-03-31,placed
3724,222,2025-06-13,shipped
3725,283,2025-05-28,shipped
3726,284,2025-04-09,completed
3727,30,2025-01-01,returned
3728,299,2025-03-20,placed
3729,350,2025-01-25,completed
3730,145,2025-01-23,placed
3731,270,2025-01-11,completed
3732,196,2025-03-15,returned
3733,292,2025-06-07,completed
3734,194,2025-01-16,completed
3735,318,2025-04-21,shipped
3736,362,2025-01-14,shipped
3737,109,2025-05-29,completed
3738,381,2025-01-10,placed
3739,259,2025-04-16,completed
3740,115,2025-02-07,completed
3741,175,2025-03-05,shipped
3742,351,2025-04-18,shipped
3743,14,2025-06-26,shipped
3744,205,2025-05-01,completed
3745,270,2025-02-09,completed
3746,395,2025-03-21,completed
3747,85,2025-04-24,completed
3748,91,2025-05-06,shipped
3749,381,2025-03-23,shipped
3750,139,2025-05-10,completed
3751,382,2025-04-01,completed
3752,368,2025-01-29,placed
3753,337,2025-01-30,placed
3754,124,2025-01-29,completed
3755,237,2025-05-15,shipped
3756,183,2025-03-02,placed
3757,371,2025-05-12,shipped
3758,278,2025-01-23,completed
3759,32,2025-05-21,shipped
3760,349,2025-03-11,placed
3761,351,2025-01-16,completed
3762,378,2025-04-27,completed
3763,308,2025-06-08,returned
3764,293,2025-05-25,shipped
3765,353,2025-06-05,shipped
3766,183,2025-06-20,completed
3767,304,2025-06-29,completed
3768,360,2025-03-23,returned
3769,52,2025-03-05,completed
3770,120,2025-01-30,shipped
3771,75,2025-04-07,completed
3772,261,2025-03-20,completed
3773,69,2025-05-13,placed
3774,31,2025-04-22,placed
3775,143,2025-05-27,completed
3776,291,2025-05-11,completed
3777,160,2025-06-03,shipped
3778,139,2025-01-15,completed
3779,357,2025-05-31,completed
3780,320,2025-02-12,shipped
3781,59,2025-02-13,placed
3782,339,2025-04-14,completed
3783,55,2025-06-09,returned
3784,301,2025-04-04,shipped
3785,292,2025-02-03,completed
3786,359,2025-05-12,placed
3787,16,2025-03-25,completed
3788,88,2025-05-19,completed
3789,19,2025-01-06,placed
3790,345,2025-03-07,completed
3791,308,2025-06-17,placed
3792,212,2025-02-14,returned
3793,111,2025-01-15,completed
3794,118,2025-05-12,completed
3795,5,2025-05-25,placed
3796,330,2025-06-29,completed
3797,38,2025-06-28,returned
3798,380,2025-02-21,completed
3799,168,2025-02-07,completed
3800,100,2025-06-06,completed
3801,291,2025-01-18,shipped
3802,142,2025-04-17,placed
3803,163,2025-05-03,completed
3804,181,2025-05-15,completed
3805,360,2025-05-24,completed
3806,87,2025-01-20,completed
3807,321,2025-03-06,completed
3808,301,2025-03-20,completed
3809,141,2025-06-06,returned
3810,141,2025-04-02,completed
3811,279,2025-05-27,returned
3812,400,2025-01-03,shipped
3813,373,2025-01-17,shipped
3814,394,2025-02-16,completed
3815,215,2025-02-21,shipped
3816,101,2025-04-22,completed
3817,287,2025-02-27,completed
3818,204,2025-03-19,completed
3819,316,2025-06-12,completed
3820,216,2025-03-27,placed
3821,190,2025-03-22,returned
3822,134,2025-04-10,shipped
3823,63,2025-06-14,completed
3824,15,2025-01-21,completed
3825,182,2025-02-09,placed
3826,348,2025-04-13,completed
3827,205,2025-06-26,completed
3828,113,2025-01-30,shipped
3829,313,2025-02-20,completed
3830,203,2025-01-23,shipped
3831,106,2025-06-22,returned
3832,11,2025-05-31,placed
3833,242,2025-01-27,returned
3834,180,2025-05-21,completed
3835,232,2025-02-26,shipped
3836,277,2025-03-13,completed
3837,180,2025-05-02,placed
3838,130,2025-03-19,completed
3839,181,2025-05-02,completed
3840,276,2025-06-06,completed
3841,35,2025-02-10,shipped
3842,167,2025-01-17,shipped
3843,234,2025-06-02,shipped
3844,12,2025-04-24,completed
3845,33,2025-04-15,placed
3846,307,2025-01-29,completed
3847,246,2025-01-21,returned
3848,153,2025-03-04,shipped
3849,167,2025-06-11,completed
3850,376,2025-04-30,shipped
3851,347,2025-06-23,completed
3852,249,2025-06-05,returned
3853,9,2025-06-25,completed
3854,148,2025-02-17,shipped
3855,348,2025-01-05,completed
3856,202,2025-02-16,completed
3857,311,2025-05-25,placed
3858,90,2025-05-02,completed
3859,320,2025-05-15,completed
3860,377,2025-03-14,shipped
3861,340,2025-06-02,shipped
3862,105,2025-05-01,placed
3863,259,2025-04-04,placed
3864,76,2025-05-30,completed
3865,116,2025-01-17,completed
3866,267,2025-05-26,shipped
3867,39,2025-01-13,shipped
3868,65,2025-04-18,placed
3869,72,2025-06-10,completed
3870,71,2025-03-06,completed
3871,323,2025-06-11,returned
3872,25,2025-05-28,completed
3873,120,2025-04-29,returned
3874,272,2025-03-15,returned
3875,126,2025-04-04,placed
3876,35,2025-06-08,shipped
3877,179,2025-06-09,placed
3878,14,2025-04-10,completed
3879,189,2025-02-27,completed
3880,357,2025-01-26,shipped
3881,374,2025-02-07,completed
3882,163,2025-03-01,placed
3883,324,2025-01-21,shipped
3884,386,2025-06-08,placed
3885,7,2025-04-23,placed
3886,188,2025-01-26,placed
3887,213,2025-02-12,placed
3888,342,2025-03-11,completed
3889,85,2025-03-08,returned
3890,248,2025-05-12,returned
3891,241,2025-05-29,completed
3892,35,2025-06-19,completed
3893,268,2025-04-05,completed
3894,224,2025-01-09,completed
3895,273,2025-06-05,completed
3896,172,2025-01-15,completed
3897,62,2025-06-09,completed
3898,249,2025-03-02,shipped
3899,69,2025-06-27,completed
3900,56,2025-06-26,completed
3901,398,2025-06-08,returned
3902,344,2025-02-14,placed
3903,162,2025-04-01,returned
3904,74,2025-05-18,shipped
3905,335,2025-04-01,placed
3906,338,2025-03-29,placed
3907,167,2025-03-11,completed
3908,168,2025-06-15,placed
3909,296,2025-05-07,completed
3910,287,2025-06-20,returned
3911,385,2025-04-27,completed
3912,347,2025-02-08,placed
3913,52,2025-03-14,completed
3914,2,2025-03-27,shipped
3915,152,2025-05-23,completed
3916,103,2025-06-12,completed
3917,103,2025-05-19,completed
3918,103,2025-01-14,completed
3919,287,2025-06-05,completed
3920,327,2025-04-10,returned
3921,70,2025-02-20,returned
3922,58,2025-02-13,completed
3923,244,2025-05-05,returned
3924,52,2025-03-05,completed
3925,192,2025-01-10,returned
3926,62,2025-02-15,returned
3927,115,2025-06-22,completed
3928,373,2025-04-09,placed
3929,367,2025-04-14,completed
3930,85,2025-03-05,placed
3931,45,2025-05-31,placed
3932,22,2025-01-29,completed
3933,264,2025-06-09,completed
3934,112,2025-06-12,completed
3935,152,2025-04-24,completed
3936,322,2025-02-22,completed
3937,181,2025-03-19,returned
3938,276,2025-01-28,completed
3939,176,2025-04-16,shipped
3940,82,2025-04-20,completed
3941,246,2025-03-13,returned
3942,344,2025-04-12,returned
3943,120,2025-02-07,shipped
3944,365,2025-02-18,returned
3945,346,2025-02-27,completed
3946,117,2025-03-17,returned
3947,89,2025-04-08,completed
3948,367,2025-05-11,shipped
3949,367,2025-03-16,shipped
3950,142,2025-06-08,completed
3951,32,2025-01-14,completed
3952,99,2025-01-03,returned
3953,308,2025-01-30,completed
3954,173,2025-05-21,returned
3955,264,2025-05-15,completed
3956,111,2025-06-01,returned
3957,136,2025-01-08,placed
3958,173,2025-05-29,placed
3959,140,2025-03-26,shipped
3960,252,2025-04-10,returned
3961,199,2025-05-09,returned
3962,135,2025-05-16,returned
3963,5,2025-06-23,placed
3964,270,2025-04-20,shipped
3965,368,2025-04-28,completed
3966,332,2025-04-09,completed
3967,29,2025-01-22,shipped
3968,361,2025-06-06,completed
3969,180,2025-04-11,completed
3970,12,2025-02-12,completed
3971,376,2025-03-12,completed
3972,328,2025-01-05,completed
3973,380,2025-01-21,placed
3974,291,2025-05-04,completed
3975,119,2025-01-22,completed
3976,366,2025-02-04,shipped
3977,300,2025-04-06,completed
3978,62,2025-04-06,returned
3979,291,2025-02-11,completed
3980,141,2025-02-20,completed
3981,85,2025-02-24,completed
3982,133,2025-02-03,placed
3983,41,2025-06-10,shipped
3984,81,2025-05-28,placed
3985,196,2025-01-13,placed
3986,239,2025-02-06,completed
3987,25,2025-03-15,completed
3988,224,2025-03-13,returned
3989,382,2025-01-18,completed
3990,10,2025-04-20,returned
3991,154,2025-04-18,shipped
3992,27,2025-06-28,returned
3993,268,2025-03-26,shipped
3994,369,2025-03-01,returned
3995,7,2025-01-16,placed
3996,133,2025-02-04,shipped
3997,166,2025-03-18,shipped
3998,53,2025-03-27,completed
3999,356,2025-04-20,completed
4000,287,2025-03-27,placed
4001,390,2025-04-26,shipped
4002,104,2025-06-08,placed
4003,181,2025-05-26,completed
4004,164,2025-02-15,shipped
4005,155,2025-03-24,returned
4006,367,2025-06-24,shipped
4007,338,2025-03-21,returned
4008,34,2025-02-09,returned
4009,234,2025-03-10,completed
4010,88,2025-01-20,completed
4011,177,2025-03-06,completed
4012,323,2025-06-02,completed
4013,86,2025-03-09,completed
4014,296,2025-05-25,completed
4015,250,2025-03-30,shipped
4016,252,2025-01-16,returned
4017,379,2025-03-23,returned
4018,295,2025-02-04,completed
4019,181,2025-05-31,returned
4020,1,2025-05-25,shipped
4021,155,2025-02-03,completed
4022,98,2025-04-17,completed
4023,103,2025-02-19,completed
4024,351,2025-06-19,completed
4025,85,2025-06-01,completed
4026,91,2025-03-06,shipped
4027,202,2025-06-27,placed
4028,106,2025-05-24,placed
4029,273,2025-04-24,returned
4030,327,2025-04-26,placed
4031,107,2025-03-07,completed
4032,345,2025-02-05,completed
4033,66,2025-04-18,completed
4034,21,2025-02-11,completed
4035,396,2025-04-15,completed
4036,231,2025-02-19,completed
4037,27,2025-04-23,returned
4038,187,2025-06-30,returned
4039,230,2025-02-18,completed
4040,183,2025-02-18,completed
4041,237,2025-05-17,shipped
4042,247,2025-02-27,shipped
4043,233,2025-01-17,placed
4044,92,2025-06-22,completed
4045,187,2025-06-20,shipped
4046,159,2025-04-24,completed
4047,249,2025-06-03,completed
4048,62,2025-04-06,completed
4049,30,2025-02-02,returned
4050,23,2025-05-16,returned
4051,361,2025-03-04,placed
4052,27,2025-06-14,completed
4053,24,2025-04-23,returned
4054,204,2025-01-22,completed
4055,107,2025-05-03,returned
4056,327,2025-05-05,completed
4057,138,2025-04-12,placed
4058,138,2025-03-22,placed
4059,40,2025-06-24,returned
4060,127,2025-04-22,completed
4061,147,2025-03-23,completed
4062,196,2025-03-10,completed
4063,212,2025-04-09,completed
4064,164,2025-01-15,placed
4065,382,2025-05-22,completed
4066,365,2025-05-25,completed
4067,392,2025-01-21,completed
4068,396,2025-06-05,completed
4069,15,2025-06-04,placed
4070,357,2025-05-02,completed
4071,304,2025-05-14,shipped
4072,324,2025-05-20,placed
4073,48,2025-06-11,placed
4074,251,2025-06-12,completed
4075,77,2025-01-03,shipped
4076,199,2025-01-25,shipped
4077,170,2025-01-01,completed
4078,218,2025-02-13,completed
4079,311,2025-05-03,completed
4080,263,2025-02-22,placed
4081,45,2025-06-27,completed
4082,16,2025-06-24,completed
4083,206,2025-02-13,shipped
4084,77,2025-04-30,completed
4085,11,2025-03-03,completed
4086,102,2025-05-29,placed
4087,215,2025-03-21,completed
4088,119,2025-05-14,completed
4089,92,2025-01-27,completed
4090,198,2025-01-08,completed
4091,232,2025-06-25,completed
4092,155,2025-05-30,completed
4093,130,2025-05-26,completed
4094,373,2025-02-27,returned
4095,222,2025-02-01,completed
4096,189,2025-01-15,completed
4097,313,2025-03-16,shipped
4098,394,2025-06-12,completed
4099,381,2025-02-11,completed
4100,383,2025-06-20,completed
4101,142,2025-01-06,shipped
4102,233,2025-05-28,shipped
4103,246,2025-04-12,completed
4104,149,2025-04-26,placed
4105,263,2025-01-04,completed
4106,62,2025-01-25,completed
4107,390,2025-02-10,placed
4108,365,2025-03-20,completed
4109,328,2025-03-31,completed
4110,59,2025-01-05,completed
4111,76,2025-01-16,returned
4112,151,2025-04-17,completed
4113,113,2025-03-07,placed
4114,287,2025-02-28,completed
4115,385,2025-04-02,returned
4116,377,2025-02-16,placed
4117,320,2025-01-18,placed
4118,82,2025-05-25,completed
4119,91,2025-03-21,completed
4120,354,2025-02-02,completed
4121,40,2025-03-04,completed
4122,50,2025-02-27,returned
4123,358,2025-05-08,completed
4124,382,2025-02-21,shipped
4125,188,2025-05-07,shipped
4126,307,2025-03-18,returned
4127,56,2025-02-24,placed
4128,160,2025-02-21,completed
4129,352,2025-01-24,completed
4130,271,2025-05-04,placed
4131,101,2025-03-10,returned
4132,200,2025-03-02,placed
4133,148,2025-02-04,completed
4134,283,2025-03-07,completed
4135,136,2025-05-17,placed
4136,105,2025-02-25,returned
4137,35,2025-03-01,completed
4138,71,2025-06-04,shipped
4139,252,2025-06-04,shipped
4140,74,2025-01-23,placed
4141,175,2025-03-08,completed
4142,328,2025-01-09,returned
4143,87,2025-01-31,completed
4144,36,2025-02-20,completed
4145,215,2025-05-23,returned
4146,236,2025-06-13,placed
4147,5,2025-04-04,completed
4148,5,2025-04-25,placed
4149,206,2025-06-17,shipped
4150,257,2025-06-04,placed
4151,12,2025-04-08,completed
4152,150,2025-05-21,returned
4153,183,2025-04-26,completed
4154,157,2025-05-07,placed
4155,253,2025-06-29,completed
4156,236,2025-04-27,completed
4157,195,2025-06-26,completed
4158,179,2025-06-29,returned
4159,62,2025-03-05,completed
4160,301,2025-06-01,completed
4161,358,2025-01-06,completed
4162,122,2025-04-11,shipped
4163,21,2025-01-01,completed
4164,247,2025-06-30,returned
4165,241,2025-03-15,shipped
4166,68,2025-02-16,returned
4167,299,2025-02-28,shipped
4168,309,2025-04-03,returned
4169,308,2025-01-28,shipped
4170,346,2025-03-16,shipped
4171,27,2025-06-23,completed
4172,306,2025-06-19,returned
4173,236,2025-01-10,placed
4174,200,2025-01-29,shipped
4175,123,2025-06-29,returned
4176,210,2025-04-12,completed
4177,212,2025-02-14,completed
4178,335,2025-03-26,returned
4179,363,2025-01-03,completed
4180,35,2025-03-11,shipped
4181,58,2025-01-19,placed
4182,238,2025-04-25,completed
4183,283,2025-06-27,shipped
4184,235,2025-02-20,shipped
4185,389,2025-01-28,completed
4186,203,2025-06-19,placed
4187,281,2025-02-14,returned
4188,56,2025-01-29,returned
4189,150,2025-02-14,completed
4190,116,2025-01-30,placed
4191,216,2025-04-23,completed
4192,326,2025-03-17,completed
4193,185,2025-04-04,completed
4194,39,2025-04-30,completed
4195,156,2025-06-15,completed
4196,185,2025-01-08,placed
4197,334,2025-02-03,placed
4198,313,2025-03-27,completed
4199,81,2025-03-02,returned
4200,125,2025-02-13,returned
4201,391,2025-02-27,completed
4202,328,2025-01-04,completed
4203,216,2025-06-30,placed
4204,91,2025-01-26,returned
4205,381,2025-04-02,placed
4206,12,2025-05-14,returned
4207,283,2025-04-03,completed
4208,223,2025-03-19,shipped
4209,2,2025-06-19,completed
4210,229,2025-03-19,placed
4211,152,2025-05-07,completed
4212,175,2025-05-09,completed
4213,240,2025-03-23,completed
4214,158,2025-03-16,completed
4215,92,2025-02-17,returned
4216,67,2025-05-18,shipped
4217,142,2025-03-26,completed
4218,331,2025-03-05,placed
4219,199,2025-06-29,completed
4220,37,2025-03-01,completed
4221,72,2025-01-04,shipped
4222,342,2025-03-24,shipped
4223,155,2025-01-16,completed
4224,171,2025-06-01,returned
4225,208,2025-01-29,returned
4226,103,2025-04-10,completed
4227,307,2025-05-22,completed
4228,79,2025-03-08,completed
4229,12,2025-06-26,returned
4230,366,2025-05-15,completed
4231,348,2025-03-19,completed
4232,328,2025-03-22,placed
4233,242,2025-04-24,shipped
4234,180,2025-05-30,shipped
4235,76,2025-05-12,shipped
4236,135,2025-05-18,completed
4237,254,2025-01-27,shipped
4238,339,2025-02-03,returned
4239,257,2025-03-25,completed
4240,279,2025-01-07,completed
4241,43,2025-03-07,shipped
4242,90,2025-02-11,completed
4243,312,2025-04-03,completed
4244,387,2025-05-22,completed
4245,357,2025-05-14,returned
4246,215,2025-03-08,completed
4247,366,2025-05-15,completed
4248,13,2025-04-20,completed
4249,296,2025-06-20,returned
4250,379,2025-02-03,returned
4251,27,2025-06-03,completed
4252,131,2025-02-03,completed
4253,314,2025-05-25,completed
4254,338,2025-05-02,completed
4255,235,2025-05-09,returned
4256,93,2025-06-16,shipped
4257,49,2025-04-29,completed
4258,75,2025-04-30,completed
4259,8,2025-05-14,completed
4260,22,2025-04-18,returned
4261,249,2025-02-11,completed
4262,27,2025-01-03,returned
4263,342,2025-06-08,completed
4264,81,2025-01-28,placed
4265,225,2025-03-22,completed
4266,238,2025-05-10,completed
4267,347,2025-05-24,completed
4268,47,2025-01-11,placed
4269,306,2025-04-06,returned
4270,106,2025-03-28,completed
4271,55,2025-03-15,completed
4272,89,2025-03-14,completed
4273,23,2025-06-15,shipped
4274,56,2025-02-16,placed
4275,139,2025-03-20,completed
4276,305,2025-03-11,completed
4277,18,2025-04-03,returned
4278,161,2025-02-06,placed
4279,173,2025-04-13,placed
4280,125,2025-02-01,returned
4281,205,2025-03-01,placed
4282,144,2025-03-23,placed
4283,353,2025-06-16,placed
4284,279,2025-02-27,completed
4285,302,2025-01-28,placed
4286,119,2025-04-02,completed
4287,222,2025-03-06,completed
4288,54,2025-06-24,returned
4289,273,2025-04-16,shipped
4290,338,2025-06-05,completed
4291,91,2025-02-11,shipped
4292,311,2025-05-20,completed
4293,102,2025-04-23,completed
4294,337,2025-03-18,placed
4295,105,2025-03-07,shipped
4296,180,2025-02-03,shipped
4297,347,2025-06-03,completed
4298,286,2025-04-23,placed
4299,2,2025-04-07,completed
4300,75,2025-05-11,completed
4301,33,2025-04-18,shipped
4302,255,2025-01-02,placed
4303,322,2025-05-22,placed
4304,359,2025-03-04,completed
4305,292,2025-06-09,completed
4306,138,2025-03-22,shipped
4307,66,2025-05-11,returned
4308,82,2025-02-17,placed
4309,36,2025-03-26,completed
4310,204,2025-03-09,shipped
4311,204,2025-02-03,completed
4312,161,2025-01-20,completed
4313,107,2025-04-11,placed
4314,244,2025-06-08,shipped
4315,376,2025-02-18,shipped
4316,32,2025-06-08,returned
4317,70,2025-01-18,returned
4318,23,2025-03-01,shipped
4319,88,2025-05-30,completed
4320,204,2025-02-11,completed
4321,202,2025-01-06,returned
4322,85,2025-04-02,completed
4323,65,2025-04-12,completed
4324,260,2025-04-16,completed
4325,125,2025-01-04,completed
4326,80,2025-06-18,completed
4327,142,2025-02-09,completed
4328,235,2025-02-28,returned
4329,12,2025-02-21,shipped
4330,169,2025-06-30,completed
4331,45,2025-04-22,returned
4332,278,2025-01-29,completed
4333,136,2025-02-15,completed
4334,240,2025-04-30,shipped
4335,206,2025-06-22,completed
4336,285,2025-06-22,shipped
4337,175,2025-06-14,returned
4338,254,2025-04-17,completed
4339,363,2025-04-07,completed
4340,153,2025-03-30,shipped
4341,274,2025-05-19,returned
4342,202,2025-03-17,completed
4343,123,2025-02-26,returned
4344,398,2025-02-28,returned
4345,388,2025-01-31,placed
4346,26,2025-04-06,returned
4347,98,2025-04-15,completed
4348,383,2025-02-11,returned
4349,172,2025-01-21,shipped
4350,94,2025-01-27,shipped
4351,355,2025-02-24,completed
4352,20,2025-05-26,shipped
4353,291,2025-02-13,completed
4354,392,2025-03-13,completed
4355,343,2025-04-20,completed
4356,297,2025-03-17,completed
4357,157,2025-04-26,completed
4358,214,2025-05-15,shipped
4359,19,2025-01-16,completed
4360,238,2025-06-08,returned
4361,164,2025-01-19,completed
4362,98,2025-06-21,placed
4363,22,2025-02-08,shipped
4364,358,2025-05-02,shipped
4365,371,2025-02-11,completed
4366,144,2025-02-09,completed
4367,358,2025-02-22,completed
4368,377,2025-02-06,returned
4369,286,2025-03-14,returned
4370,23,2025-02-21,returned
4371,71,2025-02-14,placed
4372,116,2025-06-29,shipped
4373,46,2025-01-18,returned
4374,243,2025-03-15,shipped
4375,49,2025-01-06,shipped
4376,216,2025-03-21,completed
4377,183,2025-01-09,placed
4378,390,2025-01-07,completed
4379,362,2025-06-21,completed
4380,69,2025-05-17,shipped
4381,78,2025-04-29,shipped
4382,178,2025-04-08,completed
4383,312,2025-02-09,completed
4384,48,2025-02-05,completed
4385,361,2025-06-03,returned
4386,20,2025-03-04,completed
4387,232,2025-02-13,placed
4388,78,2025-01-11,shipped
4389,256,2025-06-29,shipped
4390,43,2025-01-17,placed
4391,323,2025-05-06,shipped
4392,162,2025-04-20,returned
4393,380,2025-05-27,completed
4394,227,2025-04-25,placed
4395,123,2025-01-08,completed
4396,148,2025-02-24,completed
4397,138,2025-06-11,placed
4398,38,2025-02-13,completed
4399,26,2025-03-24,returned
4400,271,2025-06-06,completed
4401,54,2025-01-01,completed
4402,276,2025-02-08,returned
4403,34,2025-02-27,returned
4404,50,2025-03-13,completed
4405,217,2025-05-27,placed
4406,155,2025-01-14,completed
4407,278,2025-01-06,completed
4408,213,2025-04-13,completed
4409,384,2025-01-07,shipped
4410,89,2025-02-11,completed
4411,323,2025-02-27,completed
4412,335,2025-03-16,completed
4413,135,2025-01-19,completed
4414,261,2025-01-29,completed
4415,306,2025-03-08,shipped
4416,290,2025-04-29,placed
4417,377,2025-04-16,completed
4418,369,2025-02-06,shipped
4419,398,2025-03-14,completed
4420,396,2025-02-25,shipped
4421,226,2025-06-13,placed
4422,389,2025-06-05,completed
4423,49,2025-06-04,completed
4424,60,2025-02-17,placed
4425,30,2025-01-08,completed
4426,34,2025-01-21,shipped
4427,315,2025-06-13,completed
4428,59,2025-04-11,shipped
4429,131,2025-01-26,completed
4430,38,2025-03-14,placed
4431,335,2025-02-03,completed
4432,146,2025-03-08,placed
4433,243,2025-06-20,completed
4434,220,2025-06-01,placed
4435,2,2025-04-09,placed
4436,214,2025-03-21,shipped
4437,105,2025-03-13,completed
4438,162,2025-01-19,completed
4439,365,2025-06-03,completed
4440,327,2025-05-11,completed
4441,107,2025-02-16,completed
4442,16,2025-03-11,completed
4443,119,2025-02-05,completed
4444,309,2025-01-01,completed
4445,256,2025-04-11,placed
4446,171,2025-02-21,completed
4447,154,2025-03-10,completed
4448,159,2025-06-16,placed
4449,310,2025-06-04,completed
4450,262,2025-03-29,returned
4451,181,2025-03-31,completed
4452,380,2025-05-13,completed
4453,155,2025-03-21,completed
4454,16,2025-04-07,completed
4455,173,2025-01-30,completed
4456,154,2025-02-09,completed
4457,144,2025-03-26,returned
4458,399,2025-01-21,completed
4459,141,2025-06-07,shipped
4460,279,2025-05-16,completed
4461,168,2025-03-04,completed
4462,87,2025-02-27,completed
4463,45,2025-04-09,placed
4464,192,2025-03-17,completed
4465,241,2025-03-15,placed
4466,18,2025-05-07,shipped
4467,372,2025-05-10,shipped
4468,326,2025-06-07,returned
4469,286,2025-05-11,shipped
4470,156,2025-04-16,completed
4471,61,2025-06-26,placed
4472,162,2025-03-08,placed
4473,183,2025-01-16,placed
4474,184,2025-06-11,completed
4475,210,2025-02-09,completed
4476,390,2025-06-07,completed
4477,144,2025-04-29,returned
4478,291,2025-02-23,shipped
4479,35,2025-01-27,completed
4480,188,2025-05-24,shipped
4481,241,2025-05-24,placed
4482,27,2025-05-01,completed
4483,145,2025-03-09,placed
4484,318,2025-04-03,shipped
4485,277,2025-02-12,returned
4486,269,2025-02-27,completed
4487,170,2025-04-04,returned
4488,300,2025-01-02,completed
4489,274,2025-04-01,placed
4490,115,2025-02-15,completed
4491,57,2025-06-01,shipped
4492,141,2025-02-15,completed
4493,215,2025-02-08,returned
4494,44,2025-06-30,placed
4495,27,2025-03-15,completed
4496,227,2025-04-24,placed
4497,88,2025-02-21,returned
4498,220,2025-04-18,placed
4499,171,2025-03-28,completed
4500,30,2025-06-28,completed
4501,270,2025-04-19,completed
4502,278,2025-04-22,returned
4503,119,2025-06-30,placed
4504,124,2025-05-10,placed
4505,317,2025-01-17,completed
4506,386,2025-06-17,placed
4507,224,2025-06-26,completed
4508,400,2025-04-15,completed
4509,89,2025-04-18,completed
4510,166,2025-04-11,completed
4511,299,2025-02-05,shipped
4512,335,2025-04-20,completed
4513,52,2025-01-10,placed
4514,191,2025-03-15,completed
4515,295,2025-05-16,placed
4516,44,2025-01-17,placed
4517,376,2025-02-09,completed
4518,251,2025-04-02,returned
4519,377,2025-06-29,completed
4520,159,2025-06-22,shipped
4521,367,2025-05-27,placed
4522,385,2025-02-23,placed
4523,125,2025-06-07,completed
4524,175,2025-04-30,completed
4525,318,2025-02-09,completed
4526,36,2025-02-12,placed
4527,107,2025-02-24,shipped
4528,212,2025-03-03,placed
4529,200,2025-01-17,completed
4530,22,2025-03-19,completed
4531,206,2025-01-24,completed
4532,156,2025-04-19,placed
4533,224,2025-01-21,completed
4534,194,2025-03-26,completed
4535,310,2025-02-03,completed
4536,102,2025-01-24,placed
4537,117,2025-01-18,completed
4538,214,2025-03-24,completed
4539,126,2025-03-19,placed
4540,136,2025-03-13,completed
4541,367,2025-02-09,completed
4542,188,2025-06-12,completed
4543,122,2025-02-13,completed
4544,90,2025-02-17,returned
4545,268,2025-02-10,completed
4546,398,2025-05-12,shipped
4547,100,2025-04-12,placed
4548,95,2025-01-26,placed
4549,267,2025-04-23,returned
4550,183,2025-02-18,completed
4551,145,2025-03-25,completed
4552,314,2025-04-24,shipped
4553,350,2025-06-29,completed
4554,366,2025-02-09,shipped
4555,342,2025-01-05,completed
4556,192,2025-03-23,placed
4557,379,2025-06-28,shipped
4558,327,2025-03-01,placed
4559,100,2025-02-27,completed
4560,373,2025-05-08,completed
4561,227,2025-01-24,completed
4562,44,2025-06-29,returned
4563,140,2025-04-18,returned
4564,326,2025-02-11,completed
4565,362,2025-06-06,placed
4566,306,2025-01-15,completed
4567,294,2025-06-22,completed
4568,24,2025-02-08,placed
4569,226,2025-04-21,completed
4570,32,2025-03-24,shipped
4571,46,2025-02-08,completed
4572,307,2025-02-04,returned
4573,368,2025-04-25,returned
4574,46,2025-01-27,completed
4575,17,2025-02-06,shipped
4576,78,2025-05-25,returned
4577,84,2025-03-23,placed
4578,14,2025-04-10,completed
4579,381,2025-05-28,returned
4580,8,2025-02-05,returned
4581,357,2025-05-04,returned
4582,342,2025-06-08,shipped
4583,26,2025-04-24,completed
4584,123,2025-02-05,placed
4585,219,2025-05-12,placed
4586,259,2025-02-20,placed
4587,23,2025-02-13,completed
4588,208,2025-03-13,placed
4589,286,2025-02-02,returned
4590,327,2025-06-16,placed
4591,350,2025-01-02,returned
4592,133,2025-02-28,completed
4593,88,2025-06-05,completed
4594,56,2025-03-06,completed
4595,206,2025-03-04,completed
4596,183,2025-03-22,completed
4597,245,2025-03-03,completed
4598,388,2025-05-01,shipped
4599,150,2025-06-19,completed
4600,375,2025-02-06,returned
4601,19,2025-06-11,completed
4602,256,2025-05-24,completed
4603,47,2025-04-06,completed
4604,400,2025-06-10,shipped
4605,105,2025-03-07,shipped
4606,371,2025-05-07,returned
4607,220,2025-03-27,returned
4608,37,2025-05-04,shipped
4609,307,2025-03-02,completed
4610,73,2025-01-17,returned
4611,84,2025-05-20,returned
4612,285,2025-05-27,shipped
4613,299,2025-03-16,shipped
4614,231,2025-03-07,placed
4615,373,2025-04-06,completed
4616,2,2025-02-02,returned
4617,340,2025-05-08,returned
4618,200,2025-06-04,completed
4619,303,2025-05-12,returned
4620,352,2025-04-17,returned
4621,367,2025-06-06,shipped
4622,257,2025-03-17,shipped
4623,334,2025-01-27,completed
4624,36,2025-04-05,completed
4625,335,2025-04-24,returned
4626,69,2025-05-24,completed
4627,260,2025-04-07,placed
4628,371,2025-02-10,completed
4629,238,2025-03-13,returned
4630,282,2025-06-17,returned
4631,270,2025-01-04,completed
4632,259,2025-06-13,returned
4633,79,2025-02-03,shipped
4634,316,2025-05-14,completed
4635,181,2025-03-01,completed
4636,113,2025-05-24,placed
4637,56,2025-04-24,completed
4638,233,2025-05-25,shipped
4639,139,2025-03-12,shipped
4640,134,2025-04-06,completed
4641,120,2025-04-25,completed
4642,293,2025-05-01,completed
4643,55,2025-03-19,returned
4644,24,2025-01-20,completed
4645,263,2025-06-21,completed
4646,38,2025-05-16,completed
4647,117,2025-04-16,returned
4648,52,2025-04-16,completed
4649,15,2025-03-18,completed
4650,62,2025-06-19,completed
4651,122,2025-01-07,returned
4652,22,2025-06-22,returned
4653,224,2025-02-20,placed
4654,385,2025-05-29,completed
4655,359,2025-03-22,completed
4656,116,2025-03-22,completed
4657,301,2025-04-08,placed
4658,217,2025-05-23,completed
4659,301,2025-02-18,returned
4660,54,2025-01-04,completed
4661,268,2025-03-26,returned
4662,165,2025-03-26,completed
4663,85,2025-02-17,completed
4664,99,2025-04-04,completed
4665,211,2025-05-19,shipped
4666,22,2025-04-14,shipped
4667,101,2025-06-06,completed
4668,341,2025-06-02,completed
4669,149,2025-01-21,completed
4670,162,2025-03-29,completed
4671,289,2025-05-17,completed
4672,397,2025-04-06,completed
4673,387,2025-02-19,shipped
4674,355,2025-06-06,placed
4675,304,2025-02-20,completed
4676,76,2025-01-24,returned
4677,349,2025-01-24,completed
4678,13,2025-05-04,placed
4679,26,2025-02-05,completed
4680,301,2025-06-05,completed
4681,233,2025-02-05,placed
4682,165,2025-06-24,shipped
4683,65,2025-01-25,returned
4684,318,2025-01-24,completed
4685,368,2025-06-03,returned
4686,178,2025-06-13,returned
4687,367,2025-04-01,completed
4688,294,2025-03-12,completed
4689,359,2025-03-06,completed
4690,44,2025-06-30,placed
4691,374,2025-01-11,completed
4692,382,2025-02-17,completed
4693,142,2025-06-29,completed
4694,55,2025-06-26,completed
4695,61,2025-03-17,completed
4696,141,2025-06-26,shipped
4697,1,2025-06-07,completed
4698,272,2025-04-10,returned
4699,241,2025-03-11,completed
4700,89,2025-05-15,completed
4701,143,2025-03-18,completed
4702,146,2025-06-28,completed
4703,367,2025-02-23,completed
4704,207,2025-03-23,placed
4705,296,2025-06-09,completed
4706,91,2025-04-24,placed
4707,286,2025-06-02,completed
4708,360,2025-02-17,placed
4709,333,2025-04-29,completed
4710,96,2025-02-23,placed
4711,358,2025-03-24,completed
4712,356,2025-04-10,completed
4713,203,2025-06-20,shipped
4714,128,2025-06-06,completed
4715,34,2025-06-04,completed
4716,350,2025-03-08,placed
4717,104,2025-04-25,completed
4718,345,2025-05-27,shipped
4719,255,2025-01-10,shipped
4720,74,2025-02-20,returned
4721,259,2025-06-11,completed
4722,248,2025-03-06,completed
4723,32,2025-02-07,placed
4724,117,2025-04-16,placed
4725,74,2025-03-12,completed
4726,62,2025-03-21,completed
4727,10,2025-02-21,completed
4728,365,2025-06-15,completed
4729,281,2025-03-17,placed
4730,334,2025-02-07,completed
4731,296,2025-05-26,placed
4732,314,2025-02-16,completed
4733,337,2025-05-24,completed
4734,144,2025-05-23,completed
4735,214,2025-06-18,returned
4736,334,2025-03-28,placed
4737,32,2025-04-20,completed
4738,223,2025-06-28,completed
4739,385,2025-06-25,returned
4740,120,2025-02-28,completed
4741,56,2025-06-18,completed
4742,310,2025-04-26,returned
4743,178,2025-01-15,completed
4744,324,2025-06-24,placed
4745,176,2025-06-06,completed
4746,97,2025-03-26,completed
4747,94,2025-01-05,placed
4748,14,2025-05-07,completed
4749,47,2025-01-15,completed
4750,226,2025-05-31,returned
4751,71,2025-02-09,completed
4752,41,2025-02-01,completed
4753,10,2025-03-17,completed
4754,297,2025-03-04,placed
4755,349,2025-04-19,completed
4756,95,2025-05-05,completed
4757,272,2025-04-24,completed
4758,285,2025-04-15,returned
4759,14,2025-03-29,completed
4760,383,2025-01-05,completed
4761,280,2025-04-29,completed
4762,367,2025-02-22,completed
4763,151,2025-03-15,completed
4764,130,2025-02-09,shipped
4765,255,2025-02-02,completed
4766,329,2025-05-28,placed
4767,176,2025-02-26,completed
4768,214,2025-06-01,completed
4769,61,2025-03-28,completed
4770,135,2025-03-23,returned
4771,1,2025-03-05,returned
4772,61,2025-05-21,shipped
4773,150,2025-05-16,completed
4774,14,2025-02-12,returned
4775,292,2025-04-08,shipped
4776,269,2025-04-29,returned
4777,28,2025-05-15,completed
4778,199,2025-03-16,placed
4779,175,2025-05-06,completed
4780,113,2025-03-06,returned
4781,384,2025-04-10,completed
4782,321,2025-04-28,returned
4783,126,2025-03-05,completed
4784,127,2025-04-25,shipped
4785,391,2025-01-26,completed
4786,164,2025-04-12,completed
4787,226,2025-03-20,placed
4788,114,2025-06-30,returned
4789,316,2025-01-22,shipped
4790,250,2025-01-20,completed
4791,135,2025-03-17,completed
4792,163,2025-01-14,completed
4793,61,2025-03-17,returned
4794,175,2025-03-22,completed
4795,316,2025-04-23,completed
4796,144,2025-06-23,placed
4797,95,2025-03-13,placed
4798,156,2025-04-07,completed
4799,361,2025-05-26,placed
4800,359,2025-02-10,completed
4801,18,2025-01-26,completed
4802,353,2025-02-05,completed
4803,175,2025-05-14,completed
4804,96,2025-01-12,completed
4805,65,2025-05-26,placed
4806,280,2025-05-23,completed
4807,262,2025-01-11,completed
4808,153,2025-02-05,returned
4809,26,2025-01-07,placed
4810,201,2025-01-23,shipped
4811,215,2025-06-06,returned
4812,57,2025-05-07,shipped
4813,331,2025-04-05,placed
4814,276,2025-02-05,placed
4815,196,2025-02-15,completed
4816,144,2025-05-21,completed
4817,115,2025-02-18,shipped
4818,32,2025-06-22,returned
4819,23,2025-06-23,shipped
4820,69,2025-01-29,shipped
4821,153,2025-01-21,shipped
4822,232,2025-04-18,placed
4823,184,2025-05-28,placed
4824,169,2025-04-29,returned
4825,20,2025-04-29,completed
4826,227,2025-05-29,returned
4827,394,2025-06-13,completed
4828,311,2025-02-21,completed
4829,44,2025-05-14,completed
4830,135,2025-05-10,completed
4831,9,2025-04-17,returned
4832,197,2025-06-08,completed
4833,265,2025-06-10,shipped
4834,340,2025-05-18,placed
4835,260,2025-05-06,completed
4836,232,2025-04-26,shipped
4837,395,2025-04-29,placed
4838,222,2025-03-04,completed
4839,355,2025-06-06,returned
4840,313,2025-05-27,completed
4841,331,2025-02-28,completed
4842,299,2025-03-29,completed
4843,307,2025-03-25,completed
4844,292,2025-06-05,placed
4845,108,2025-05-14,returned
4846,326,2025-01-30,completed
4847,325,2025-04-30,placed
4848,169,2025-04-05,returned
4849,116,2025-05-20,returned
4850,86,2025-06-03,completed
4851,252,2025-06-10,shipped
4852,147,2025-05-25,completed
4853,222,2025-02-05,completed
4854,384,2025-06-13,completed
4855,31,2025-06-05,placed
4856,264,2025-04-14,returned
4857,189,2025-02-08,completed
4858,288,2025-05-24,returned
4859,166,2025-05-23,placed
4860,230,2025-03-24,placed
4861,171,2025-02-17,completed
4862,244,2025-06-28,completed
4863,291,2025-02-25,completed
4864,184,2025-04-30,completed
4865,11,2025-02-21,placed
4866,229,2025-04-02,returned
4867,246,2025-01-05,placed
4868,303,2025-04-14,completed
4869,107,2025-01-13,completed
4870,4,2025-06-30,completed
4871,74,2025-01-25,shipped
4872,48,2025-01-12,completed
4873,50,2025-02-04,completed
4874,43,2025-03-04,shipped
4875,77,2025-02-17,placed
4876,11,2025-06-02,completed
4877,377,2025-04-26,completed
4878,104,2025-04-09,shipped
4879,123,2025-04-22,returned
4880,311,2025-03-07,returned
4881,35,2025-03-19,placed
4882,26,2025-05-12,returned
4883,140,2025-01-15,completed
4884,262,2025-06-15,completed
4885,350,2025-03-01,shipped
4886,123,2025-05-25,completed
4887,223,2025-04-11,shipped
4888,212,2025-06-18,returned
4889,351,2025-04-07,completed
4890,269,2025-06-07,completed
4891,56,2025-01-08,completed
4892,122,2025-04-21,completed
4893,160,2025-06-09,shipped
4894,66,2025-02-27,returned
4895,245,2025-05-20,returned
4896,135,2025-01-22,completed
4897,315,2025-04-26,completed
4898,108,2025-03-15,placed
4899,101,2025-02-11,completed
4900,16,2025-05-10,completed
4901,46,2025-04-25,completed
4902,216,2025-03-10,placed
4903,392,2025-04-04,shipped
4904,107,2025-05-02,shipped
4905,311,2025-06-07,shipped
4906,62,2025-02-09,completed
4907,141,2025-05-20,completed
4908,336,2025-03-04,completed
4909,30,2025-06-17,returned
4910,377,2025-06-08,completed
4911,309,2025-04-23,placed
4912,85,2025-03-12,completed
4913,263,2025-06-11,completed
4914,150,2025-04-19,shipped
4915,34,2025-06-24,completed
4916,73,2025-01-10,shipped
4917,61,2025-01-04,completed
4918,279,2025-05-20,returned
4919,44,2025-01-23,completed
4920,27,2025-01-08,shipped
4921,190,2025-03-07,shipped
4922,174,2025-02-15,completed
4923,231,2025-06-23,shipped
4924,195,2025-04-12,completed
4925,391,2025-03-24,completed
4926,316,2025-04-07,shipped
4927,95,2025-05-11,completed
4928,243,2025-03-16,completed
4929,212,2025-06-06,completed
4930,34,2025-05-09,returned
4931,159,2025-04-01,completed
4932,381,2025-06-04,completed
4933,252,2025-03-26,completed
4934,303,2025-06-12,placed
4935,341,2025-03-21,completed
4936,65,2025-06-14,returned
4937,108,2025-03-12,completed
4938,58,2025-02-25,returned
4939,11,2025-03-23,completed
4940,28,2025-04-07,shipped
4941,80,2025-03-22,completed
4942,160,2025-04-02,shipped
4943,367,2025-04-02,placed
4944,197,2025-04-28,shipped
4945,229,2025-04-04,completed
4946,52,2025-02-03,completed
4947,3,2025-01-14,placed
4948,64,2025-01-15,completed
4949,322,2025-02-04,completed
4950,398,2025-01-02,completed
4951,341,2025-06-26,shipped
4952,246,2025-01-29,shipped
4953,275,2025-04-05,shipped
4954,12,2025-06-23,completed
4955,149,2025-05-12,completed
4956,174,2025-05-02,completed
4957,199,2025-06-01,completed
4958,150,2025-03-21,completed
4959,27,2025-03-11,placed
4960,301,2025-01-24,completed
4961,371,2025-06-17,shipped
4962,356,2025-02-27,shipped
4963,211,2025-03-11,completed
4964,298,2025-06-13,shipped
4965,23,2025-02-10,shipped
4966,125,2025-04-03,completed
4967,356,2025-02-16,shipped
4968,81,2025-02-17,completed
4969,46,2025-03-15,completed
4970,253,2025-01-10,shipped
4971,52,2025-05-11,shipped
4972,299,2025-02-24,completed
4973,80,2025-01-31,placed
4974,299,2025-06-24,completed
4975,281,2025-03-12,completed
4976,71,2025-02-04,returned
4977,141,2025-06-30,completed
4978,10,2025-01-15,returned
4979,284,2025-02-19,placed
4980,330,2025-06-20,returned
4981,72,2025-04-17,shipped
4982,365,2025-06-28,completed
4983,137,2025-05-28,completed
4984,6,2025-05-06,completed
4985,391,2025-03-14,placed
4986,74,2025-03-09,completed
4987,320,2025-04-08,returned
4988,85,2025-03-30,completed
4989,208,2025-04-15,returned
4990,234,2025-04-22,completed
4991,135,2025-05-24,completed
4992,242,2025-06-08,shipped
4993,139,2025-04-08,shipped
4994,360,2025-06-29,completed
4995,21,2025-01-15,completed
4996,304,2025-04-03,completed
4997,58,2025-04-06,completed
4998,112,2025-04-15,completed
4999,265,2025-03-08,completed
5000,296,2025-03-18,shipped
